control_OA,matched_schemes,matched_to,n_pair_rows,n_treated_matched,max_distance_km,mean_distance_km,LAD24CD,LAD24NM,area_km2,map_geom_area_km2,n_roads,road_length_km,road_density_m_km2,pop_density,mean_total_pkm,trend_total_pkm,extreme_area_control,extreme_distance_control
E00036468,Birmingham,E00046383,1,1,134.60814110912122,134.60814110912122,E08000015,Wirral,11.454255370794991,11.454255370794991,65,4.850505685439076,423.46756977380215,26.88956986111119,0.04882387844857512,21.345880592419974,TRUE,FALSE
E00051151,Sheffield,E00172452,1,1,107.5341123389814,107.5341123389814,E08000029,Solihull,4.99288743346739,4.99288743346739,117,18.292490623039875,3663.709800550493,34.84957398271704,0.08473422411094388,0.01116621842894646,TRUE,FALSE
E00065039,Portsmouth,E00086049,1,1,328.6234268947561,328.6234268947561,E06000010,"Kingston upon Hull, City of",4.696023518606021,4.696023518606021,333,22.117624061725518,4709.862285419509,68.35570535968833,0.29625860724069114,-0.019678419534737066,TRUE,FALSE
E00084992,Bradford,E00054128,1,1,207.75947124874514,207.75947124874514,E06000042,Milton Keynes,1.0441661046768058,1.0441661046768058,186,12.24983396249163,11731.690875259013,321.78788268941173,0.3237364287665307,-0.006966519985196137,TRUE,FALSE
E00181102,Birmingham,"E00175700, E00186195",2,2,275.6615984181306,275.47182316457224,E06000026,Plymouth,0.9947479228429682,0.9947479228429682,371,14.48178127187143,14558.242283615744,456.3970324285551,0.17916722061254423,0.01673281761103194,TRUE,FALSE
E00108019,Bradford,E00054163,1,1,287.03573892594864,287.03573892594864,E07000066,Basildon,0.8726173011844485,0.8726173011844485,152,10.255233533963716,11752.269316736854,491.6244491344558,0.30020691287076573,-0.023181312932058558,TRUE,FALSE
E00044156,Bradford,E00054411,1,1,123.27883765522044,123.27883765522044,E08000024,Sunderland,0.7991648799913968,0.7991648799913968,132,9.026363918789556,11294.74548341855,351.6170530454554,0.22627948733025363,-0.03590261109283938,TRUE,FALSE
E00068819,Bradford,E00053583,1,1,133.1606576245388,133.1606576245388,E06000016,Leicester,0.7166495324313179,0.7166495324313179,70,4.433559511536684,6186.5100176585775,562.3390259291386,0.1435336546953069,-0.011964423450680219,TRUE,FALSE
E00057727,Bradford,E00054490,1,1,8.751438728436213,8.751438728436213,E08000035,Leeds,0.603134187480608,0.603134187480608,92,5.16368171991984,8561.414403466993,799.1588107671269,0.3144665159620271,-0.03281494844555167,TRUE,FALSE
E00069308,Bradford,E00054424,1,1,138.68433103247511,138.68433103247511,E06000016,Leicester,0.5789889381350044,0.5789889381350044,110,5.937307122092558,10254.612361364561,1074.2865001938371,0.17325842824809887,-0.03265651512025273,TRUE,FALSE
E00101304,Bradford,E00054419,1,1,368.0277650526943,368.0277650526943,E07000041,Exeter,0.5372658191815083,0.5372658191815083,40,3.2599359348641763,6067.640669623261,549.0764338021996,0.09174106668831226,-0.061098013682483576,TRUE,FALSE
E00064591,Bradford,E00054638,1,1,95.33278465869965,95.33278465869965,E06000010,"Kingston upon Hull, City of",0.511458502929686,0.5114585029296914,176,7.948745675453952,15541.330586788072,496.61897992713455,0.35030596193291563,-0.02049989122377442,TRUE,FALSE
E00101132,Portsmouth,E00086519,1,1,171.9661957325832,171.9661957325832,E07000041,Exeter,0.4402681255765751,0.4402681255765751,96,5.320246016945232,12084.10445334383,1201.5405369335372,0.14018205128570796,-0.08415911275619531,TRUE,FALSE
E00072138,Bradford,E00054209,1,1,90.88803684035577,90.88803684035577,E06000021,Stoke-on-Trent,0.3934916181756598,0.3934916181756598,173,7.752453531847016,19701.699283429767,1029.2468283764122,0.12864043568957698,-0.11539982494620654,FALSE,FALSE
E00079522,Bradford,E00054643,1,1,228.98460673022257,228.98460673022257,E06000032,Luton,0.38512461780753815,0.38512461780753815,94,5.538910172521525,14382.124425215361,1147.6804638359542,0.49615184474980223,-0.027096696344842765,FALSE,FALSE
E00180776,Bradford,E00177753,1,1,47.011875141370325,47.011875141370325,E08000003,Manchester,0.3809314063933094,0.3809314063933094,225,7.174910176232411,18835.176243841546,2514.888465276267,0.22738598253179762,-0.021318077355204072,FALSE,FALSE
E00044977,Bradford,E00054401,1,1,121.79761925463443,121.79761925463443,E08000024,Sunderland,0.37352350212799107,0.37352350212799107,96,4.739492514280593,12688.605903723199,859.3836751134513,0.06262927921198669,-0.03915790443978656,FALSE,FALSE
E00177099,Birmingham,E00046344,1,1,121.37224546458116,121.37224546458116,E06000032,Luton,0.3474619078619116,0.3474619078619116,134,5.007757936086817,14412.394057529325,1533.9811010645374,0.6673480512940798,-0.02271709251959424,FALSE,FALSE
E00052737,Bradford,E00053635,1,1,136.63691958881563,136.63691958881563,E08000031,Wolverhampton,0.3430687915571752,0.3430687915571752,67,2.162922957731084,6304.633388288295,1098.9049697257872,0.3465204330653672,-0.09426398266034354,FALSE,FALSE
E00048342,Bradford,E00054148,1,1,155.02362426555288,155.02362426555288,E08000026,Coventry,0.3418426625309652,0.3418426625309652,62,3.412434752228733,9982.47183942298,1099.9212246246202,0.23437166072630347,0.06583872987634991,FALSE,FALSE
E00174487,Bradford,E00054412,1,1,268.03142468081904,268.03142468081904,E06000038,Reading,0.33586591986225534,0.33586591986225534,179,5.582958561049536,16622.581306669064,1259.4311449446252,0.5029118467023291,-2.3829445613461072e-4,FALSE,FALSE
E00136255,Bradford,E00054217,1,1,234.75530715481563,234.75530715481563,E07000148,Norwich,0.3228827604696049,0.3228827604696049,85,3.9607455165680343,12266.822517273684,873.3820275503576,0.1764468323139224,3.676232488343997e-4,FALSE,FALSE
E00137464,Bradford,E00054413,1,1,173.73152915364017,173.73152915364017,E06000062,West Northamptonshire,0.3209623874486163,0.3209623874486163,71,3.1156484475786415,9707.207353314672,1900.5342178845067,0.016048023659042156,-0.015060374493010191,FALSE,FALSE
E00069357,Bradford,E00054628,1,1,135.57607766668704,135.57607766668704,E06000016,Leicester,0.3047906728686462,0.3047906728686462,152,5.411811822102175,17755.83147334194,1676.5604904852933,0.5154363439999402,-0.06095769564112775,FALSE,FALSE
E00181852,Bristol,E00178086,1,1,124.71619925749553,124.71619925749553,E08000028,Sandwell,0.30141280713031116,0.30141280713031116,13,0.49779487021849694,1651.538549267029,826.109555100453,0.30060775824049396,-0.06660042661863289,FALSE,FALSE
E00187030,Sheffield,E00172499,1,1,47.41334112737708,47.41334112737708,E08000035,Leeds,0.2934301858331934,0.2934301858331934,92,4.297363082727745,14645.265859493653,1284.8030577682748,0.598065941956347,-2.685212275737683e-4,FALSE,FALSE
E00036406,Bradford,E00054154,1,1,99.22837223344386,99.22837223344386,E08000015,Wirral,0.28451419293521696,0.28451419293521696,11,1.2651405069878223,4446.6692291723075,896.2646023710414,0.039521301961191004,-0.6931376400107773,FALSE,FALSE
E00162087,Bristol,E00178105,1,1,172.1964506548173,172.1964506548173,E07000229,Worthing,0.28308822198496014,0.28308822198496014,60,1.520665292361305,5371.701025562606,1052.6753741659802,0.5577966461527323,0.055248526861351184,FALSE,FALSE
E00053271,Bradford,E00054390,1,1,141.53695134160125,141.53695134160125,E08000031,Wolverhampton,0.2596851298036206,0.2596851298036206,39,2.568197256584976,9889.658520405468,1293.8746252205135,0.23345909215605518,0.015277568276951096,FALSE,FALSE
E00171693,Birmingham,E00186100,1,1,126.50636760565823,126.50636760565823,E08000001,Bolton,0.25936259996044436,0.25936259996044436,126,4.581077081522951,17662.82834233469,1534.5311932433565,0.6858331444961214,-0.01982601347647653,FALSE,FALSE
E00028355,Portsmouth,E00179966,1,1,310.0127297867662,310.0127297867662,E08000006,Salford,0.25547609385808007,0.25547609385808007,185,6.65524831210569,26050.3760316719,755.4522894310954,0.15308692511844785,0.026400532923295923,FALSE,FALSE
E00055850,Bradford,E00053579,1,1,16.88456716764834,16.88456716764834,E08000034,Kirklees,0.25463260729059317,0.25463260729059317,53,2.461229206738209,9665.805306424845,1629.7991228059473,0.019793158583779828,0.2818425232389213,FALSE,FALSE
E00084974,Portsmouth,E00174447,1,1,138.63603054762137,138.63603054762137,E06000042,Milton Keynes,0.25445380199064965,0.25445380199064965,97,3.7299486809241307,14658.647863556758,1992.5031421563533,0.30685542829410334,0.0819567819342353,FALSE,FALSE
E00063735,Bradford,E00176125,1,1,47.347405283916004,47.347405283916004,E06000008,Blackburn with Darwen,0.24658699765498576,0.24658699765498576,292,8.04186688857534,32612.696391344947,2104.733846210996,0.45247739740251114,0.030006461694415218,FALSE,FALSE
E00068613,Bradford,E00177765,1,1,102.47643539704633,102.47643539704633,E06000015,Derby,0.2447312479386468,0.2447312479386468,42,2.034532272906711,8313.33264568144,1679.3932260870754,0.4772418766367347,-0.03109954374401175,FALSE,FALSE
E00108164,Bradford,E00054404,1,1,295.00508501086557,295.00508501086557,E07000066,Basildon,0.24455487823671848,0.24455487823671848,20,1.7625427757445622,7207.146258757094,952.7513892994854,0.248540918284917,-0.15620581866375827,FALSE,FALSE
E00055525,Portsmouth,E00086031,1,1,325.451856675976,325.451856675976,E08000034,Kirklees,0.2408814277156084,0.2408814277156084,18,1.509961242937447,6268.483449542449,988.0379830735216,0.11256348518545464,-0.14990394649762234,FALSE,FALSE
E00109719,Bradford,E00054403,1,1,275.421298000174,275.421298000174,E07000070,Chelmsford,0.24026990494189784,0.24026990494189784,31,1.1279005733963259,4694.306486986272,1331.835545851581,0.0443301485781148,-0.04573985412397103,FALSE,FALSE
E00025844,Birmingham,E00186108,1,1,113.16382137121742,113.16382137121742,E08000003,Manchester,0.23635762879224914,0.23635762879224914,126,3.9031638321608013,16513.805169333282,2077.36049184845,0.37168603788708,0.032588898439411026,FALSE,FALSE
E00171673,Bradford,E00054638,1,1,49.46239718205843,49.46239718205843,E08000001,Bolton,0.23505815127411975,0.23505815127413338,177,5.16076242437961,21955.25828993706,1212.4659300482592,0.35256244143397597,-0.026402963477865953,FALSE,FALSE
E00167014,Sheffield,E00185186,1,1,275.43730475358814,275.43730475358814,E06000045,Southampton,0.22523689377827105,0.22523689377827105,106,3.559591857435954,15803.769079412483,2646.1029097067803,0.640515006021592,0.02349528949561899,FALSE,FALSE
E00182928,Birmingham,E00186309,1,1,124.9568307191365,124.9568307191365,E08000012,Liverpool,0.2234595016520064,0.2234595016520064,91,2.87430076073025,12862.7368247084,6144.290083212365,0.3282840170700405,0.027885100802282733,FALSE,FALSE
E00172213,Newcastle,E00042822,1,1,284.86769752877177,284.86769752877177,E08000026,Coventry,0.22170490626851772,0.22170490626851772,178,5.145471840181017,23208.651205711627,1619.2695328320676,0.4077370482560435,-0.050810402795860146,FALSE,FALSE
E00180796,Sheffield,E00172407,1,1,52.08563871124655,52.08563871124655,E08000003,Manchester,0.22126062665692764,0.22126062665692764,127,4.8916258247153666,22107.981427260456,1500.492902945528,0.33259085185540876,-0.05557645359778042,FALSE,FALSE
E00138488,Bradford,E00054412,1,1,185.86554500471814,185.86554500471814,E06000062,West Northamptonshire,0.22047308344576613,0.22047308344576613,90,2.20079235360183,9982.136228176803,1596.566775855829,0.5013653369860939,0.005385107733456953,FALSE,FALSE
E00029228,Newcastle,E00042814,1,1,178.71833859952457,178.71833859952457,E08000007,Stockport,0.21810237122029835,0.21810237122029835,25,2.3301771776965428,10683.869068726925,1792.7361257574921,0.19247871118683194,-2.408143810762567e-4,FALSE,FALSE
E00165713,Bath,E00072805,1,1,229.101945887014,229.101945887014,E08000012,Liverpool,0.2164004751525144,0.2164004751525144,39,2.0653997453338935,9544.3401585798,836.4122115371285,0.023396197326531656,0.2084776292861813,FALSE,FALSE
E00173468,Bradford,E00053592,1,1,102.73082373582095,102.73082373582095,E06000018,Nottingham,0.2162763662983838,0.2162763662983838,57,3.004755007046253,13893.12692123174,1253.0264154064675,0.3376957514408031,-0.04914943364031328,FALSE,FALSE
E00058843,Bradford,E00054214,1,1,15.313335264688384,15.313335264688384,E08000035,Leeds,0.21617609351856337,0.21617609351856337,134,5.45920643112291,25253.51597517937,1119.4577349470842,0.46532733869847076,-0.05429177589597266,FALSE,FALSE
E00136566,Bath,E00072566,1,1,287.2817239125859,287.2817239125859,E07000148,Norwich,0.2094639432887407,0.2094639432887407,59,2.3236903007411565,11093.509767158392,1355.8419436824659,0.2582099687762289,0.04053864124455979,FALSE,FALSE
E00045023,Bradford,E00054213,1,1,124.22800179278563,124.22800179278563,E08000024,Sunderland,0.2091572655924142,0.2091572655924142,48,2.341995818230973,11197.296023150502,1013.5913729773339,0.10168079641571523,-0.3197108781022867,FALSE,FALSE
E00024574,Bradford,E00054210,1,1,49.183514429527165,49.183514429527165,E08000001,Bolton,0.20770830805639712,0.20770830805639712,207,5.24075782752111,25231.33463731328,1237.3120863813458,0.46744470563692203,0.0233635160212385,FALSE,FALSE
E00068694,Bradford,E00053581,1,1,130.8005326861485,130.8005326861485,E06000016,Leicester,0.20738745936550618,0.20738745936550618,94,3.0756670470641576,14830.535349022744,1393.5268838539428,0.3834447883836235,-0.03884587050054613,FALSE,FALSE
E00168791,Bradford,E00054588,1,1,49.17495131336472,49.17495131336472,E08000018,Rotherham,0.20529656128769905,0.20529656128769905,60,2.699505490054203,13149.297158811942,1485.6556684969423,0.16288872225674597,0.04447572564815964,FALSE,FALSE
E00167356,Bristol,E00174295,1,1,205.16771631644997,205.16771631644997,E07000008,Cambridge,0.20319925112753032,0.20319925112753032,65,2.075371967798638,10213.482364145671,3651.5882606984205,1.0518104869246236,0.018169785440459232,FALSE,FALSE
E00152830,Bradford,E00053585,1,1,273.14610146076177,273.14610146076177,E07000202,Ipswich,0.20199292475015299,0.20199292475015299,26,1.5176073660681748,7513.170909056929,1806.9939848213596,0.13178639249634183,0.06166267844779145,FALSE,FALSE
E00172172,Sheffield,E00041101,1,1,107.85322773888541,107.85322773888541,E08000026,Coventry,0.20154578478818247,0.20154578478818247,128,3.9370406867801915,19534.22489543943,8846.625107411055,0.44413549137843206,0.017882096848267928,FALSE,FALSE
E00175522,Bradford,E00054144,1,1,15.17522800635159,15.17522800635159,E08000034,Kirklees,0.19854799081939598,0.19854799081939598,111,3.3226067867501308,16734.52737062675,3837.8630619996225,0.3929005397827635,-0.04215820574324699,FALSE,FALSE
E00026989,Bradford,E00054155,1,1,35.65170803593846,35.65170803593846,E08000004,Oldham,0.19761839108253387,0.19761839108253387,86,3.15571244289314,15968.718425478828,1477.5952703614935,0.484781813198879,0.008902706370910864,FALSE,FALSE
E00084832,Bradford,E00054211,1,1,202.27756983503897,202.27756983503897,E06000042,Milton Keynes,0.19705912347483268,0.19705912347483268,55,2.593675690452392,13161.916305710361,1837.0121292365977,0.13103777825851448,0.017279013930251712,FALSE,FALSE
E00072371,Bradford,E00054223,1,1,83.10426138854126,83.10426138854126,E06000021,Stoke-on-Trent,0.19510693358427147,0.19510693358427147,11,0.6690644621551389,3429.2192997136804,1240.3454636606969,0.07473121474565224,20.4467265755201,FALSE,FALSE
E00177425,Bradford,E00053577,1,1,143.98427321540518,143.98427321540518,E08000028,Sandwell,0.19495550534499623,0.19495550534499623,63,2.7330237685476795,14018.705261548163,2338.995245058894,0.29237762554279795,-0.014760312883384424,FALSE,FALSE
E00027487,Birmingham,E00045210,1,1,117.5987475324557,117.5987475324557,E08000004,Oldham,0.19463022520402445,0.19463022520402445,140,5.5219647677154375,28371.56850600642,3015.975547398495,0.3937100455096629,0.03722142935875006,FALSE,FALSE
E00025611,Bradford,E00053591,1,1,48.058797493892015,48.058797493892015,E08000003,Manchester,0.1935307821566024,0.1935307821566024,106,4.508242285848409,23294.704003213308,2428.554231851771,0.2601400780258408,-0.01950461454879593,FALSE,FALSE
E00036748,Bradford,E00054129,1,1,101.14090223234021,101.14090223234021,E08000015,Wirral,0.1925925021150335,0.1925925021150335,23,1.3001599003735689,6750.8334233956675,1578.4622800031123,0.11516314259267543,0.06684303455272902,FALSE,FALSE
E00052753,Bradford,E00054399,1,1,140.37010795310871,140.37010795310871,E08000031,Wolverhampton,0.19131095736304232,0.19131095736304232,15,1.1246696034246944,5878.7516351740305,1860.8447989961944,0.17754014102628832,-0.1935946900526634,FALSE,FALSE
E00044200,Bristol,E00178075,1,1,392.65187477590194,392.65187477590194,E08000024,Sunderland,0.1857743452201013,0.1857743452201013,87,3.184937746499726,17144.120425919322,2244.658698734466,0.14129004577704976,0.025168571827406293,FALSE,FALSE
E00051057,Bradford,E00054392,1,1,143.19157693363235,143.19157693363235,E08000028,Sandwell,0.1827618180542786,0.1827618180542786,49,1.8876409234319036,10328.420583293231,1313.184572987352,0.185097968402148,-0.10298922128978011,FALSE,FALSE
E00053032,Bradford,E00054426,1,1,140.38494708731116,140.38494708731116,E08000031,Wolverhampton,0.17919748113082384,0.17919748113082384,24,1.722009931381322,9609.565494529255,1992.2155029588318,0.14517918592923607,0.17530989250312468,FALSE,FALSE
E00056330,Bradford,E00176193,1,1,27.17987668206417,27.17987668206417,E08000034,Kirklees,0.17598548783161305,0.17598548783161305,44,1.944493176998447,11049.167752167057,1846.743183227514,0.07313885267498349,-0.07820968004029907,FALSE,FALSE
E00175845,Bradford,E00053838,1,1,47.81917344540149,47.81917344540149,E08000003,Manchester,0.17594161072094414,0.17594161072094414,124,4.325364092363071,24584.08829292466,886.6577915296402,0.28730055400286275,-0.02239611444042422,FALSE,FALSE
E00145631,Newcastle,E00175558,1,1,359.53335684640854,359.53335684640854,E07000178,Oxford,0.17478204583980306,0.17478204583980306,33,1.3155351835765474,7526.718074820481,3015.183839208652,2.874183486085371,-0.029395959418663336,FALSE,FALSE
E00052697,Bradford,E00054413,1,1,136.59279079895808,136.59279079895808,E08000031,Wolverhampton,0.17360919969453242,0.17360919969453242,50,2.5895430638522803,14915.932268616029,2056.3426398379,0.01930842575972401,0.015060374493010316,FALSE,FALSE
E00029664,Bradford,E00054395,1,1,53.30414121281522,53.30414121281522,E08000007,Stockport,0.17321274358795355,0.17321274358795355,14,0.7954966793701764,4592.599036838425,1974.4505682189606,0.17622952255563595,0.1999332461488175,FALSE,FALSE
E00027193,Bradford,E00054216,1,1,40.36414593325784,40.36414593325784,E08000004,Oldham,0.1731545666989591,0.1731545666989591,88,2.7305098402309307,15769.20489182423,1553.5252989756525,0.180660216905968,-0.011620201256503858,FALSE,FALSE
E00178700,Bath,E00073126,1,1,255.2346397042185,255.2346397042185,E08000034,Kirklees,0.17301256575282212,0.17301256575282212,179,5.047258214646051,29172.78402689501,2785.924813626653,0.37654275235713824,-0.037160682828130856,FALSE,FALSE
E00162352,Bristol,E00178105,1,1,172.92608811738913,172.92608811738913,E07000229,Worthing,0.168256342338176,0.168256342338176,24,0.9002582566221341,5350.516028767094,1973.179705361228,0.5518744164193037,0.005382731288080501,FALSE,FALSE
E00084325,Portsmouth,E00179966,1,1,136.3783374574389,136.3783374574389,E06000042,Milton Keynes,0.16709850273535307,0.16709850273535307,41,2.2998547819371367,13763.46732190411,1723.5342943564735,0.1489472303601138,0.027099686078079686,FALSE,FALSE
E00051378,Bradford,E00054403,1,1,152.70245530462387,152.70245530462387,E08000029,Solihull,0.16539253287235509,0.16539253287235509,14,1.1383857125447576,6882.932940045903,2478.951092165845,0.0439218442826637,-0.04573985412397108,FALSE,FALSE
E00055976,Bradford,E00176127,1,1,12.685891209489707,12.685891209489707,E08000034,Kirklees,0.16490339721597627,0.16490339721597627,54,2.155951981908882,13074.03011888956,1922.3375949303258,0.19945527711580263,0.023957234849645147,FALSE,FALSE
E00056556,Bradford,E00177834,1,1,20.492807299303518,20.492807299303518,E08000034,Kirklees,0.16420105040080427,0.16420105040080427,59,1.8075356854818772,11008.064084059135,1607.7850863657259,0.1809621257423742,-0.335913421839363,FALSE,FALSE
E00145299,Bradford,"E00054650, E00176207",2,2,234.34192252670468,234.3216122326018,E07000178,Oxford,0.16411851524532586,0.16411851524532586,49,1.7374458035336775,10586.531330340928,2217.909414156529,0.2893016858296824,-0.15122010986846623,FALSE,FALSE
E00057736,Bradford,E00177783,1,1,9.951288621855365,9.951288621855365,E08000035,Leeds,0.1636855350921551,0.1636855350921551,32,1.191864226976141,7281.426708261792,1557.8652069435138,0.35748157412272863,-0.06603329369866975,FALSE,FALSE
E00051326,Bristol,E00073437,1,1,120.19480519853731,120.19480519853731,E08000029,Solihull,0.16271107250766131,0.16271107250766131,15,1.2907067833927517,7932.507379496121,1880.6341528207422,0.11621539603728588,0.141126081406953,FALSE,FALSE
E00180779,Birmingham,E00186094,1,1,113.85918161282675,113.85918161282675,E08000003,Manchester,0.15992805095413234,0.15992805095413234,67,2.4572120887375632,15364.484679690719,13893.747761843691,0.6615147334860788,0.037200628745599526,FALSE,FALSE
E00169548,Bradford,"E00054148, E00176107",2,2,131.91944874819296,130.99997108683266,E06000016,Leicester,0.15965281634761208,0.15965281634761208,84,2.3055296327217665,14440.89547222228,1020.9653905829015,0.2320193557297711,0.05851880880324136,FALSE,FALSE
E00178635,Sheffield,E00172405,1,1,86.96866845646942,86.96866845646942,E06000016,Leicester,0.15926065954646748,0.15926065954646748,81,2.560523347475136,16077.563377966875,15684.9783688806,0.7868461742349193,-0.04223704269840449,FALSE,FALSE
E00069452,Bradford,E00054391,1,1,140.9732056916652,140.9732056916652,E06000016,Leicester,0.15882376899826295,0.15882376899826295,31,1.320668178209866,8315.305615397592,1744.0714431290794,0.14697863036505615,0.07615784993996452,FALSE,FALSE
E00176640,Portsmouth,E00086055,1,1,317.6295110229486,317.6295110229486,E08000012,Liverpool,0.15845416365702722,0.15845416365702722,96,3.1893107029428296,20127.654769906,2246.706503532209,0.37962905241023287,-0.07122186082312781,FALSE,FALSE
E00058874,Bradford,E00177767,1,1,14.409865968708655,14.409865968708655,E08000035,Leeds,0.15583824063416546,0.15583824063416546,72,3.1237378556326676,20044.74539061133,1976.408349751833,0.6139396417474283,-0.0018166432932372996,FALSE,FALSE
E00169811,Birmingham,E00046408,1,1,149.0133031740859,149.0133031740859,E08000035,Leeds,0.15582219074358233,0.15582219074358233,80,2.135266726957799,13703.22620140509,2066.457918884457,0.9606713175934489,-0.01988169084402349,FALSE,FALSE
E00024434,Bath,E00073130,1,1,245.80898298661606,245.80898298661606,E08000001,Bolton,0.15430706955397502,0.15430706955397502,134,3.7271387725643197,24154.037681731785,2650.5590520396477,0.20219142510798344,-0.047174290035492755,FALSE,FALSE
E00170132,Bristol,E00178114,1,1,296.16899737441474,296.16899737441474,E06000014,York,0.1517816927401774,0.1517816927401774,86,2.8619255417628313,18855.538438762353,1100.2644455011684,1.0323923375658706,-0.02188772219598997,FALSE,FALSE
E00121380,Bradford,E00177767,1,1,251.57553104425057,251.57553104425057,E07000103,Watford,0.15150917161774052,0.15150917161774052,54,1.3574257448151852,8959.363517873273,2204.487005200491,0.6203882630166683,0.0134057006027552,FALSE,FALSE
E00177725,Bath,E00072758,1,1,226.18880195712308,226.18880195712308,E08000007,Stockport,0.15046020206207503,0.15046020206207503,137,3.829602837600205,25452.59666752431,2399.3055642120103,0.16253669803264892,0.03445632635055057,FALSE,FALSE
E00168096,Portsmouth,E00086519,1,1,202.77070278099293,202.77070278099293,E06000016,Leicester,0.1502229833524211,0.1502229833524211,24,1.8247262038531658,12146.784487513356,3900.867809456639,0.13571570325294002,-0.07917254227213842,FALSE,FALSE
E00069996,Bradford,E00054142,1,1,101.03357417050526,101.03357417050526,E06000018,Nottingham,0.1496989708622042,0.1496989708622042,90,3.1543959918312794,21071.59437144599,1489.6561994756019,0.1754456325182908,-0.03635182938973865,FALSE,FALSE
E00103183,Bradford,E00053581,1,1,337.32665094320737,337.32665094320737,E06000058,"Bournemouth, Christchurch and Poole",0.14918186486846885,0.14918186486846885,32,1.377691856222115,9234.982130279728,1635.587544204054,0.3838053463203103,-0.028717270766959305,FALSE,FALSE
E00026349,Birmingham,E00175773,1,1,116.81700260753395,116.81700260753395,E08000003,Manchester,0.14868520822663,0.14868520822663,82,2.157549828139736,14510.857225630274,2824.7598063677233,0.5591078288282632,0.08745628625608921,FALSE,FALSE
E00057856,Bradford; Sheffield,"E00054423, E00172411",2,2,47.825701621559844,31.183106437386414,E08000035,Leeds,0.14813963798419666,0.14813963798419666,95,2.631806521685086,17765.71454809309,1660.5953905884592,0.43657711557927525,-0.04027671604750791,FALSE,FALSE
E00056843,Bradford,E00053574,1,1,8.317626911011383,8.317626911011383,E08000035,Leeds,0.14802726681175923,0.14802726681175923,40,2.0138039763213293,13604.2772368567,2242.8300349704627,0.11776766894324465,0.1504541721036194,FALSE,FALSE
E00052902,Bradford,E00053553,1,1,136.1542604214594,136.1542604214594,E08000031,Wolverhampton,0.1468148610610477,0.1468148610610477,48,1.772747264171833,12074.712677994494,2234.106258927105,0.42301122960712845,-0.0374038103296425,FALSE,FALSE
E00079104,Bradford,E00053553,1,1,168.87809941785798,168.87809941785798,E06000031,Peterborough,0.14645097532434576,0.14645097532434576,41,2.5605361819379278,17483.913482085693,1754.853454753857,0.42484148737030847,-0.04953409106847449,FALSE,FALSE
E00084434,Bradford,E00053550,1,1,205.4426931899356,205.4426931899356,E06000042,Milton Keynes,0.1453827970204194,0.1453827970204194,105,2.6770360994293245,18413.706121318657,3501.1019902754356,0.19636175250384513,-0.019330728414906986,FALSE,FALSE
E00077355,Bradford,E00054166,1,1,336.1340138750359,336.1340138750359,E06000058,"Bournemouth, Christchurch and Poole",0.14488935863303828,0.14488935863303828,36,1.8931786846679755,13066.374939672656,2015.3308894102381,0.0484130213076397,-0.11063506022454117,FALSE,FALSE
E00169505,Sheffield,E00185205,1,1,86.22158377009805,86.22158377009805,E06000016,Leicester,0.14358602262290368,0.14358602262290368,85,2.9178966279333456,20321.59241290876,2604.710355284558,0.3635351540028002,-0.03648326101407999,FALSE,FALSE
E00064150,Bradford,E00177860,1,1,83.99841075569633,83.99841075569633,E06000009,Blackpool,0.14251931275008758,0.14251931275008758,70,2.5546892058286907,17925.214179978713,1683.9822994435012,0.1864434229076785,0.03757916819612198,FALSE,FALSE
E00067488,Birmingham,E00186099,1,1,174.17082775504724,174.17082775504724,E06000014,York,0.14161916505834413,0.14161916505834413,48,1.6215520012757785,11450.088698148538,1977.1335319244813,1.0116712252886937,0.037100265531242786,FALSE,FALSE
E00027105,Bradford,E00054594,1,1,38.23804080828073,38.23804080828073,E08000004,Oldham,0.14114960906963714,0.14114960906963714,75,2.3463929576431126,16623.44637798822,2543.400597183977,0.14331678711556547,0.07701162475445777,FALSE,FALSE
E00081049,Bristol,E00073470,1,1,219.50068464814834,219.50068464814834,E06000035,Medway,0.14108362390164106,0.14108362390164106,49,1.4458932026859048,10248.483578036914,4174.828968177283,0.6570333121666738,0.06422876320775957,FALSE,FALSE
E00028388,Birmingham,E00175678,1,1,115.65023212422518,115.65023212422518,E08000006,Salford,0.13947535590773089,0.13947535590773089,64,2.0531159687742138,14720.277682119275,1727.9038180725788,0.2571954083603307,0.10596584223902158,FALSE,FALSE
E00055979,Bradford,E00177804,1,1,15.17930313125841,15.17930313125841,E08000034,Kirklees,0.13944561417646892,0.13944561417646892,55,1.503423306226686,10781.431277746022,2466.91157718784,0.2195067075475022,-0.07287239063223463,FALSE,FALSE
E00167345,Sheffield,E00185237,1,1,100.07564201530597,100.07564201530597,E08000031,Wolverhampton,0.13929676435076943,0.13929676435076943,34,1.2070637651162042,8665.411366459617,2074.707200464873,0.9084843168119046,-0.14324757979789451,FALSE,FALSE
E00145330,Birmingham,E00047467,1,1,94.46112866817397,94.46112866817397,E07000178,Oxford,0.13804881404771716,0.13804881404771716,90,3.353257318054384,24290.373960730416,2846.819095918911,0.09615396893760564,0.01860529092302125,FALSE,FALSE
E00145650,Portsmouth,E00174447,1,1,109.31227546582812,109.31227546582812,E07000178,Oxford,0.1371778497543968,0.1371778497543968,21,1.2109660716031436,8827.708509582682,3178.3556950383336,0.3138201052131059,0.07092832718066787,FALSE,FALSE
E00173828,Newcastle,E00189936,1,1,324.31176829051464,324.31176829051464,E07000148,Norwich,0.13688169154377328,0.13688169154377328,106,2.489313208346706,18185.87409515356,7948.469862765171,0.6599037013470131,-0.008550732246652693,FALSE,FALSE
E00048445,Birmingham; Newcastle,"E00046393, E00046660, E00175551",3,3,282.9257638193295,112.18462935267388,E08000026,Coventry,0.13655652714253497,0.13655652714253497,60,2.193162222648154,16060.47157569389,4532.921369286875,1.253508049523358,-0.02880381777362003,FALSE,FALSE
E00176420,Birmingham; Portsmouth,"E00179944, E00186225",2,2,205.1372724238346,195.44909544585585,E07000071,Colchester,0.13599970865547523,0.13599970865547523,58,2.467523806678587,18143.596269970734,3044.1241683008025,0.5410584069691625,-0.030583205170523018,FALSE,FALSE
E00084808,Bradford,E00053586,1,1,204.10556106935763,204.10556106935763,E06000042,Milton Keynes,0.1355897566983559,0.1355897566983559,50,2.3126402132636907,17056.157261264063,2308.433967444351,0.22995686789061404,-0.09108494923881093,FALSE,FALSE
E00052864,Portsmouth,E00174447,1,1,210.6945428412162,210.6945428412162,E08000031,Wolverhampton,0.13515849452291684,0.13515849452291684,69,2.5163660250887845,18617.890307013753,2737.5267925706626,0.29800771927587183,0.07826575804124057,FALSE,FALSE
E00081401,Bradford,E00054400,1,1,319.1013727684507,319.1013727684507,E06000035,Medway,0.13353046881619676,0.13353046881619676,27,1.0495843084778713,7860.260791285115,1947.1211499892745,0.14082098865821238,-0.2501721507011876,FALSE,FALSE
E00068505,Bristol,E00174298,1,1,177.1650518021907,177.1650518021907,E06000015,Derby,0.13277483094571974,0.13277483094571974,57,1.7954566263381269,13522.567594698241,3381.665009865896,1.1533723341585271,0.009931623191290527,FALSE,FALSE
E00064848,Portsmouth,E00086039,1,1,331.3789277690524,331.3789277690524,E06000010,"Kingston upon Hull, City of",0.13221568385223764,0.13221568385223764,57,1.662606992892983,12574.960431707095,2019.4275914981115,1.1634063300998663,0.019422438729632254,FALSE,FALSE
E00063043,Bradford,E00054141,1,1,71.47167669729876,71.47167669729876,E06000007,Warrington,0.13204753849012124,0.13204753849012124,30,0.9118497072266368,6905.465392638533,2514.246034391907,0.1040434616013096,-0.04573985421759859,FALSE,FALSE
E00180791,Sheffield,E00185187,1,1,51.8839866329632,51.8839866329632,E08000003,Manchester,0.1315086187607667,0.1315086187607667,101,2.831579280127152,21531.511066040523,2737.4631669951027,0.3136841359992274,0.0314485027676199,FALSE,FALSE
E00114247,Bradford,E00053626,1,1,285.5978470019987,285.5978470019987,E07000084,Basingstoke and Deane,0.13124985228892078,0.13124985228892078,37,1.6599469246655394,12647.22889753424,2910.4794659814324,0.3363023188903945,-0.1648505862911083,FALSE,FALSE
E00185158,Sheffield,E00185221,1,1,100.1412460980032,100.1412460980032,E08000015,Wirral,0.13032525108320384,0.13032525108320384,71,2.7590983702220107,21170.86556357765,997.50431262936,0.15809512437387335,-0.01736459997757246,FALSE,FALSE
E00059074,Bradford,"E00054135, E00054405",2,2,22.608959351274112,22.47280674892261,E08000035,Leeds,0.1297674056434587,0.1297674056434587,38,1.2179475330765752,9385.61980982294,3305.9149011477903,0.2308703719689057,0.16104122164095092,FALSE,FALSE
E00027627,Bradford,E00054387,1,1,40.82932351953056,40.82932351953056,E08000004,Oldham,0.12723479899548762,0.12723479899548762,45,1.603993976472828,12606.56667151031,3442.454450024585,0.09231830179663301,-0.04681674505307814,FALSE,FALSE
E00051647,Bradford,E00054128,1,1,153.40802890984395,153.40802890984395,E08000029,Solihull,0.12683724256178808,0.12683724256178808,62,2.000463134527021,15771.890764280108,2168.1329114832756,0.3249247580629286,-0.010418191546397526,FALSE,FALSE
E00167383,Birmingham,E00186297,1,1,207.07725831361677,207.07725831361677,E06000035,Medway,0.12628812872084044,0.12628812872084044,96,2.8059340539881084,22218.5100247278,2494.296203377173,0.6722478018751021,-0.010150973897601659,FALSE,FALSE
E00072287,Bristol,E00178043,1,1,171.5920386238017,171.5920386238017,E06000021,Stoke-on-Trent,0.1262540462488815,0.1262540462488815,21,1.158136126183117,9173.061462918278,1908.84971341768,0.1295184534950626,0.04573985411830722,FALSE,FALSE
E00058856,Bradford,E00054410,1,1,14.880466634124252,14.880466634124252,E08000035,Leeds,0.1246517370967511,0.1246517370967511,97,3.0426613491702295,24409.297616194493,3906.8849848598948,0.18274741622219587,-0.046804029490927,FALSE,FALSE
E00178702,Sheffield,E00172429,1,1,35.87448067143592,35.87448067143592,E08000034,Kirklees,0.12382520602396363,0.12382520602396363,121,3.872532632873056,31274.18687374211,1219.4609227686428,0.5908684876084316,-0.040344846502313216,FALSE,FALSE
E00025628,Birmingham,"E00186147, E00186232",2,2,111.96689358574524,111.77846403171023,E08000003,Manchester,0.12324290032166725,0.12324290032166725,69,2.202712399285764,17872.93542700331,2458.5594724658536,0.6562018720504244,0.06412499125240514,FALSE,FALSE
E00180415,Portsmouth,E00086033,1,1,56.11102270870504,56.11102270870504,E06000058,"Bournemouth, Christchurch and Poole",0.12282314274078608,0.12282314274078608,95,3.7348438417302314,30408.307086006484,13222.263848331864,0.5801404534750836,-0.05296533265976812,FALSE,FALSE
E00057172,Portsmouth,E00086033,1,1,334.9217868962611,334.9217868962611,E08000035,Leeds,0.12261310796102022,0.12261310796102022,48,2.186639743292695,17833.654000417697,3612.990546988121,0.5702660915338014,-0.014118839137365374,FALSE,FALSE
E00068911,Bradford,E00054139,1,1,134.95364096390819,134.95364096390819,E06000016,Leicester,0.12161247723754381,0.12161247723754381,121,3.301427188692105,27147.109109894023,2614.8632708044865,0.6258482716435567,-0.012326103009229516,FALSE,FALSE
E00055920,Bradford,E00054172,1,1,14.000050898383046,14.000050898383046,E08000034,Kirklees,0.12156396781625971,0.12156396781625971,24,1.0130171712130347,8333.202587992026,2681.7156913859476,0.048542118926885244,-0.4044442991742212,FALSE,FALSE
E00031661,Bristol,E00178112,1,1,226.30381524590396,226.30381524590396,E06000007,Warrington,0.1204785351346659,0.1204785351346659,2,0.025987481107149768,215.70216701341897,2614.573622163534,1.8864082978212389,0.15596812833782014,FALSE,FALSE
E00189244,Bradford,E00176151,1,1,93.47417334515005,93.47417334515005,E06000010,"Kingston upon Hull, City of",0.12038013301656063,0.12038013301656063,80,2.357365394564492,19582.678100548288,1711.245824688204,0.5721709511431872,-0.049066738058718654,FALSE,FALSE
E00130314,Newcastle,E00190004,1,1,258.22560475504275,258.22560475504275,E06000016,Leicester,0.12030921072359686,0.12030921072359686,1,0.20930643406043087,1739.7374049880498,3166.83982638141,0.23384135427900304,0.20847762935284636,FALSE,FALSE
E00084814,Bristol,E00178079,1,1,140.31367071994984,140.31367071994984,E06000042,Milton Keynes,0.12018469994978574,0.12018469994978574,48,1.9007398353052742,15815.156472491262,2762.4148509644956,0.2782619115861555,0.07662911613339957,FALSE,FALSE
E00182933,Birmingham,E00175620,1,1,125.34921152235182,125.34921152235182,E08000012,Liverpool,0.11972716937286562,0.11972716937286562,89,3.3472482594370043,27957.298890218382,7592.261679294418,0.3951744530065067,-0.09298393415620992,FALSE,FALSE
E00036203,Bradford,E00054140,1,1,96.61241734070349,96.61241734070349,E08000015,Wirral,0.11948911334826899,0.11948911334826899,26,1.1933285587316145,9986.922869311775,2493.9510525233723,0.07893634934885135,-0.10711295946793341,FALSE,FALSE
E00090780,Bristol,E00074010,1,1,206.90534983461782,206.90534983461782,E07000008,Cambridge,0.11926292165753757,0.11926292165753757,66,2.20204218690816,18463.761882601742,3706.0973675389164,0.4050478711547044,0.10264519191844035,FALSE,FALSE
E00169494,Bradford,E00177766,1,1,136.5377063117674,136.5377063117674,E06000016,Leicester,0.11839662866928204,0.11839662866928204,22,0.8708485970394703,7355.349614489586,4628.510170933427,0.7383361495739513,-0.05811748510494102,FALSE,FALSE
E00084984,Portsmouth,E00086028,1,1,137.0378707124111,137.0378707124111,E06000042,Milton Keynes,0.1181384750920632,0.1181384750920632,40,1.5267024931099111,12922.991361791146,3216.564287831486,0.2857501720006642,0.03042029836057358,FALSE,FALSE
E00181739,Bradford,E00176108,1,1,36.74259755390217,36.74259755390217,E08000004,Oldham,0.11805881983735413,0.11805881983735413,133,4.266075059100933,36135.1660551763,1634.77832715836,0.2255497117771726,0.07587071969416986,FALSE,FALSE
E00145474,Bradford,E00054153,1,1,231.2916798547732,231.2916798547732,E07000178,Oxford,0.11792010934874439,0.11792010934874439,49,2.181442063557385,18499.32191892606,3256.442027748924,0.5118162515759289,-0.08568300281022616,FALSE,FALSE
E00034825,Bradford,E00176157,1,1,69.00310792631406,69.00310792631406,E08000013,St. Helens,0.11771877505580253,0.11771877505580253,30,1.3777264602448123,11703.54057448971,2607.910249273933,0.14261285216594202,-0.007386846278465169,FALSE,FALSE
E00085757,Bradford,E00177814,1,1,350.6856640383292,350.6856640383292,E06000043,Brighton and Hove,0.11766667228851933,0.11766667228851933,36,1.3899347212337378,11812.475820048776,2753.5409449291656,0.21520686938052108,-0.02519832186698999,FALSE,FALSE
E00058872,Birmingham,E00186180,1,1,149.62705166127563,149.62705166127563,E08000035,Leeds,0.1167983049125839,0.1167983049125839,73,2.5239681520431736,21609.629985060168,1472.6241115291105,1.0929488146539867,-0.028042746202693283,FALSE,FALSE
E00034240,Bradford,E00054626,1,1,85.14355228780326,85.14355228780326,E08000012,Liverpool,0.11639147844648678,0.11639147844648678,18,1.330091949812641,11427.743401542719,2302.5740679393307,0.035781360835018934,-0.0782096800402522,FALSE,FALSE
E00175961,Birmingham; Bristol,"E00174262, E00186116",2,2,227.1148458647625,170.9297703994182,E08000003,Manchester,0.11627875819275528,0.11627875819275528,103,3.6919616729046587,31750.955465008446,2201.6058992961453,0.8155683256676531,-0.015648246864265514,FALSE,FALSE
E00069246,Bradford,E00054136,1,1,131.5428269286642,131.5428269286642,E06000016,Leicester,0.11608979218640411,0.11608979218640411,44,2.481705418716582,21377.464564082733,4849.694270242099,0.37617438111683255,-0.11270637948233175,FALSE,FALSE
E00176745,Birmingham,E00186272,1,1,116.12558742768653,116.12558742768653,E08000012,Liverpool,0.11505481347253661,0.11505481347253661,18,0.8280452270041927,7196.962925865294,3433.1462376781465,0.22781907780871105,0.021162432646024357,FALSE,FALSE
E00085733,Portsmouth,E00179944,1,1,62.04802157781301,62.04802157781301,E06000043,Brighton and Hove,0.11498907823848352,0.11498907823848352,55,1.411583976869357,12275.809133296807,3069.8567673348052,0.5297237091472062,-0.047745289999084665,FALSE,FALSE
E00048708,Bath,E00072586,1,1,127.87798620292631,127.87798620292631,E08000026,Coventry,0.11449412056112034,0.11449412056112034,81,2.7229504267342977,23782.447634773584,3222.8729142735056,0.42229101518351064,0.12963613772329993,FALSE,FALSE
E00071972,Bradford,E00053597,1,1,89.49230619039304,89.49230619039304,E06000021,Stoke-on-Trent,0.11414689775963034,0.11414689775963034,46,1.5392293593657913,13484.635934715358,4012.373607949056,0.5522243938682572,-0.029358364798248774,FALSE,FALSE
E00188613,Sheffield,E00185191,1,1,267.98668646905395,267.98668646905395,E07000226,Crawley,0.11396663757341198,0.11396663757341198,39,1.3186450716873979,11570.448157145887,2483.182850926041,0.49137255650670203,-0.026667793701649182,FALSE,FALSE
E00077260,Birmingham,"E00186257, E00186308",2,2,196.54557158911584,196.4194829440334,E06000058,"Bournemouth, Christchurch and Poole",0.11383995320158219,0.11383995320158219,48,1.5702053704536643,13793.095712831346,2626.494403687478,0.6309964407482185,-0.06085827510922107,FALSE,FALSE
E00050902,Portsmouth,E00086016,1,1,197.9675154572331,197.9675154572331,E08000028,Sandwell,0.11369644096776074,0.11369644096776074,15,0.7002389053247892,6158.8463048139365,2937.6469233078947,0.35702100825723676,0.015060375069298053,FALSE,FALSE
E00068231,Bradford,E00054594,1,1,104.64212051492645,104.64212051492645,E06000015,Derby,0.11326883461104117,0.11326883461104117,20,1.345829583927839,11881.728884642826,3354.8504432388545,0.14231519524263156,0.07571598117791203,FALSE,FALSE
E00049154,Birmingham,E00186254,1,1,32.234973327063955,32.234973327063955,E08000026,Coventry,0.11298342116083349,0.11298342116083349,34,1.2052138854933332,10667.174644833018,2372.0294291540195,0.497249498378199,-0.022357117375347138,FALSE,FALSE
E00079864,Bath,E00072565,1,1,146.75533019314744,146.75533019314744,E06000032,Luton,0.11296578713472397,0.11296578713472397,11,0.7525507424346211,6661.758055446669,2629.114597730331,0.06644070250763699,0.04573985412397109,FALSE,FALSE
E00179900,Bradford,E00053589,1,1,101.0066872446682,101.0066872446682,E06000015,Derby,0.11256165824031096,0.11256165824031096,29,1.4209873364945955,12624.079626304818,3020.5667304058784,0.22887994259140745,-0.23224285160829108,FALSE,FALSE
E00084367,Bradford,E00053633,1,1,204.3415686091088,204.3415686091088,E06000042,Milton Keynes,0.11202737153581076,0.11202737153581076,56,2.036331441735653,18177.088454536468,2972.4878432370697,0.41640495384055237,0.06903821772740855,FALSE,FALSE
E00058264,Bradford,E00054618,1,1,15.467738400537584,15.467738400537584,E08000035,Leeds,0.11160545695239155,0.11160545695239155,37,2.354278727515594,21094.656048224217,2544.6784391658216,0.20077508005978836,-0.09059713609009956,FALSE,FALSE
E00171186,Newcastle,E00042583,1,1,229.60523611211804,229.60523611211804,E06000015,Derby,0.11130623950837293,0.11130623950837293,42,1.6489174636412924,14814.241060738144,1689.033793885902,0.7477169277335107,-0.019489349271169347,FALSE,FALSE
E00085737,Birmingham,E00186096,1,1,217.1799749578187,217.1799749578187,E06000043,Brighton and Hove,0.11113986821681349,0.11113986821681349,39,1.3228951920220287,11902.976071928597,3482.0987842547556,0.716856864942184,0.011864039800127858,FALSE,FALSE
E00084950,Bradford,E00054621,1,1,203.98144419643896,203.98144419643896,E06000042,Milton Keynes,0.11081265995592224,0.11081265995592224,34,1.1546381239134589,10419.731142386956,3636.768580054848,0.9186566579015033,-0.03677296777659216,FALSE,FALSE
E00051553,Bradford,E00053595,1,1,154.42951292804625,154.42951292804625,E08000029,Solihull,0.11048234605948488,0.11048234605948488,54,2.390150905490447,21633.781239616,3339.900112198255,0.5432650704259853,0.004956274292515937,FALSE,FALSE
E00081427,Portsmouth,E00179945,1,1,131.30499805811456,131.30499805811456,E06000035,Medway,0.11027722086284007,0.11027722086284007,101,2.3835596668979755,21614.252229502454,3545.6098452672795,1.0003487779700124,0.030597817308517086,FALSE,FALSE
E00079469,Newcastle,E00042583,1,1,350.85917624637193,350.85917624637193,E06000032,Luton,0.11024657611553297,0.11024657611553297,17,1.4015113983422658,12712.51632226248,3002.360813937009,0.7482550632413036,-0.00476094046985234,FALSE,FALSE
E00055846,Bradford,E00054431,1,1,21.921647793801526,21.921647793801526,E08000034,Kirklees,0.11011623829480528,0.11011623829480528,42,1.7175185525907124,15597.3231485854,2896.938770701258,0.14062177065609535,-0.0480073365696436,FALSE,FALSE
E00160913,Birmingham,E00186100,1,1,192.40114926890453,192.40114926890453,E07000226,Crawley,0.10937225824187086,0.10937225824187086,40,1.3897167221441438,12706.299974815003,3209.22330435733,0.6829859530909148,-0.018408038185740837,FALSE,FALSE
E00169500,Bradford; Bristol,"E00053599, E00054150, E00174284",3,3,165.95460603345927,144.7197039483813,E06000016,Leicester,0.10851172188073688,0.10851172188073688,99,3.364819637039223,31008.81249251054,1889.1968208311312,0.8769686991593133,0.01165232402107927,FALSE,FALSE
E00075961,Bristol,E00174245,1,1,158.9019391790894,158.9019391790894,E06000026,Plymouth,0.10823187502767145,0.10823187502767145,28,1.8312788710739292,16919.95884397022,2725.629579313653,0.10848347738730607,-0.05277274927723216,FALSE,FALSE
E00036130,Bradford; Portsmouth,"E00053556, E00177868, E00179961",3,3,317.08722536700714,169.81188900753898,E08000015,Wirral,0.10759819120895886,0.10759819120895886,138,3.4094681559153504,31687.039694692106,3122.729074018336,0.5983637056297092,0.005838049209971043,FALSE,FALSE
E00033871,Bradford,"E00054392, E00054611",2,2,90.02569248528322,89.64729038585324,E08000012,Liverpool,0.1074820332978738,0.1074820332978738,7,0.5183764199594065,4822.912295702366,2530.6555119420195,0.18328572894469275,-0.11410202691041602,FALSE,FALSE
E00076608,Bradford,E00054575,1,1,410.8270519546071,410.8270519546071,E06000026,Plymouth,0.1073080292038568,0.1073080292038568,53,1.8654644875656048,17384.20229507446,2460.207329858514,0.0804089281783901,0.11410202678030187,FALSE,FALSE
E00024930,Portsmouth,E00086027,1,1,322.68467975449397,322.68467975449397,E08000001,Bolton,0.10668812159560678,0.10668812159560678,31,1.2365271495722399,11590.110792832233,3121.24719246826,0.21982372169833217,0.05436102975494438,FALSE,FALSE
E00085698,Newcastle,E00175561,1,1,471.87978979019175,471.87978979019175,E06000043,Brighton and Hove,0.10614474553597462,0.10614474553597462,72,2.2605037734216378,21296.426516520372,3193.7520626973096,1.808512574969926,0.011415647633339403,FALSE,TRUE
E00136918,Birmingham,E00046374,1,1,214.03275820790114,214.03275820790114,E07000148,Norwich,0.10564750374452642,0.10564750374452642,5,0.14112634816788996,1335.822836942342,2726.0464260133667,0.33525277607066273,-0.2818425232388972,FALSE,FALSE
E00138031,Birmingham,E00175779,1,1,75.99068360587478,75.99068360587478,E06000062,West Northamptonshire,0.1053848717036089,0.1053848717036089,12,0.7586881078953149,7199.212710806324,2040.1410233214465,0.6297449439736373,-0.20343487729039667,FALSE,FALSE
E00180821,Bradford,E00054409,1,1,49.382780674320045,49.382780674320045,E08000003,Manchester,0.10532721245731785,0.10532721245731785,39,1.8019382846288212,17108.003170206634,4205.940607984082,0.10707414435103345,0.10579175342896832,FALSE,FALSE
E00052604,Portsmouth,E00174441,1,1,207.78454419261152,207.78454419261152,E08000031,Wolverhampton,0.10509869846090723,0.10509869846090723,36,1.2641666530816966,12028.375913255664,5147.54233803601,0.3953201097195084,0.09582249204724644,FALSE,FALSE
E00136295,Portsmouth,E00086041,1,1,262.29562258632944,262.29562258632944,E07000148,Norwich,0.10398524051281624,0.10398524051281624,46,1.374954850943224,13222.596246952566,4519.872221116537,0.18182415213743136,0.03332751977984141,FALSE,FALSE
E00083203,Birmingham; Bradford,"E00046344, E00053634",2,2,265.0821389699833,201.762632101455,E06000039,Slough,0.10339799425844778,0.10339799425844778,51,1.862502389357633,18012.945054835658,5686.764082969235,0.6690522960508938,-0.056892214451544985,FALSE,FALSE
E00078960,Birmingham,E00175639,1,1,114.96543969216668,114.96543969216668,E06000031,Peterborough,0.10273053451448924,0.10273053451448924,71,2.0959425628546815,20402.33288729815,4137.036782769367,0.7829222179471399,-0.035359246802866603,FALSE,FALSE
E00024636,Bristol,E00174245,1,1,239.33364056806167,239.33364056806167,E08000001,Bolton,0.10260864807593566,0.10260864807593566,58,1.7543128507070258,17097.12469273296,4609.747900098594,0.10872006091908414,-0.02394472742984213,FALSE,FALSE
E00069387,Bradford,E00176194,1,1,136.96400756940187,136.96400756940187,E06000016,Leicester,0.10259246694227424,0.10259246694227424,14,0.5669047076499792,5525.792726759947,3167.8739159559145,0.86664036013499135,0.06135875102129423,FALSE,FALSE
E00180414,Bradford,E00177868,1,1,342.9899268765691,342.9899268765691,E06000058,"Bournemouth, Christchurch and Poole",0.10256267779695231,0.10256267779695231,83,2.340989231993631,22824.962084435694,5772.080182734771,0.5923506528985917,-0.016178871315612305,FALSE,FALSE
E00187581,Newcastle,E00189947,1,1,226.27671300851202,226.27671300851202,E06000018,Nottingham,0.10241210927606839,0.10241210927606839,58,1.89552421360945,18508.78989807502,4813.8838608532005,0.9203448774089049,0.0785032979373781,FALSE,FALSE
E00185283,Birmingham; Bristol,"E00175675, E00178076",2,2,243.83535958693625,185.22284955602709,E07000138,Lincoln,0.10221942492867668,0.10221942492867668,25,1.1048852103972437,10808.955452138127,4010.9793249773843,0.5220239121425376,0.09785571799474949,FALSE,FALSE
E00084952,Bradford,E00054585,1,1,204.71240954404828,204.71240954404828,E06000042,Milton Keynes,0.10183404551843135,0.10183404551843135,22,1.1657635130233983,11447.67947780688,4261.835988058126,0.16761547073405278,0.08546124139008779,FALSE,FALSE
E00078899,Bradford,E00177796,1,1,167.65550792717835,167.65550792717835,E06000031,Peterborough,0.10178418724273006,0.10178418724273006,55,1.7392539027935239,17087.663122424256,5393.765130636364,0.5988024510551514,-0.07355157858918948,FALSE,FALSE
E00028901,Birmingham,E00175700,1,1,122.12533904485839,122.12533904485839,E08000006,Salford,0.10161140709728532,0.10161140709728532,80,2.268648513913082,22326.710934541246,3218.1426213980285,0.1770578375348053,0.018663465253972358,FALSE,FALSE
E00079454,Bradford,E00053596,1,1,228.1090120563172,228.1090120563172,E06000032,Luton,0.10114589551322069,0.10114589551322069,33,1.5099984805949167,14928.915038352161,5032.334702434555,1.290678451035364,0.013654506530402554,FALSE,FALSE
E00034933,Bradford,E00054425,1,1,79.12954611894564,79.12954611894564,E08000013,St. Helens,0.10093551750771189,0.10093551750771189,21,1.261104954329477,12494.164447446594,2764.140977220266,0.03433814120809993,0.6931376333237826,FALSE,FALSE
E00083047,Bradford,E00054156,1,1,268.0797383832838,268.0797383832838,E06000038,Reading,0.10048732998677064,0.10048732998677064,30,1.0702506551684023,10650.602969641079,3970.649832695616,0.3199815840767828,-0.023485939425853322,FALSE,FALSE
E00071829,Bradford,E00054580,1,1,92.74697035159984,92.74697035159984,E06000021,Stoke-on-Trent,0.10026048114209843,0.10026048114209843,23,1.0639559811272645,10611.917766675462,3979.6338044149247,0.04699442541506732,-0.1141020260367784,FALSE,FALSE
E00052936,Portsmouth,E00086045,1,1,213.19122655187195,213.19122655187195,E08000031,Wolverhampton,0.09997048157270358,0.09997048157270358,39,1.5737132587639344,15741.779313321109,5111.5088370198055,0.15859718955156832,-0.014710036092611055,FALSE,FALSE
E00123722,Portsmouth,E00086028,1,1,124.06227969981997,124.06227969981997,E07000110,Maidstone,0.09972345919452026,0.09972345919452026,87,2.281190843268684,22875.167605437753,4081.2864223462916,0.2839096088392102,0.022955907121226072,FALSE,FALSE
E00101310,Bradford,E00054167,1,1,361.2447143684213,361.2447143684213,E07000041,Exeter,0.09939821853792784,0.09939821853792784,88,1.9542205755876114,19660.519115258896,2706.285927019471,0.48568493846433175,-0.01650276556051527,FALSE,FALSE
E00110053,Newcastle,E00042806,1,1,383.74753808435105,383.74753808435105,E07000071,Colchester,0.09909812811449449,0.09909812811449449,42,0.9003961248785856,9085.904466715047,2361.2958635267523,0.22212445664064706,-0.00752163946795419,FALSE,FALSE
E00078999,Portsmouth,E00179963,1,1,204.80070796363012,204.80070796363012,E06000031,Peterborough,0.09860991287021152,0.09860991287021152,52,1.6031075268855675,16257.062603792652,6013.594198997977,0.49241550349002156,-0.09797493823372314,FALSE,FALSE
E00090843,Birmingham,E00175649,1,1,140.30316011171124,140.30316011171124,E07000008,Cambridge,0.09853024387311225,0.09853024387311225,56,1.9693170655344896,19986.929780368613,5825.622442782138,0.5827284087890325,0.011616544721221707,FALSE,FALSE
E00079449,Bradford,E00054207,1,1,226.141449815048,226.141449815048,E06000032,Luton,0.0984247268609102,0.0984247268609102,40,1.4893564582652223,15131.933872368476,4958.103675406909,0.1676452259728522,0.0033356285026788944,FALSE,FALSE
E00026753,Birmingham,"E00175634, E00175767",2,2,110.25149209302354,110.13207121728524,E08000003,Manchester,0.09826252029642277,0.09826252029642277,12,0.7887355387298097,8026.819751320011,4762.751846667599,1.0171026416432483,0.14068723313998108,FALSE,FALSE
E00173506,Newcastle,E00175553,1,1,226.6503463070422,226.6503463070422,E06000018,Nottingham,0.09822088580615632,0.09822088580615632,65,2.1913769964843155,22310.702845921227,4673.140506041238,1.15004652510417,0.042757226155148396,FALSE,FALSE
E00169786,Portsmouth,"E00086052, E00174464",2,2,335.2278506279668,335.06153039717833,E08000035,Leeds,0.09786139626363874,0.09786139626363874,79,1.9257305284618367,19678.142781387625,1931.3029163290673,0.975709203457869,-0.030232274603405745,FALSE,FALSE
E00187603,Bradford; Portsmouth,"E00086039, E00176103",2,2,239.39032695407084,171.2935211316603,E06000018,Nottingham,0.09778190967079252,0.09778190967079252,85,2.654728622926861,27149.486360664003,5921.340685095532,1.229350138396392,0.03083756989292298,FALSE,FALSE
E00048858,Birmingham,E00186228,1,1,30.02139027467224,30.02139027467224,E08000026,Coventry,0.09759454554984753,0.09759454554984753,55,2.077877423107426,21290.917554876323,4088.3432342661627,1.2023452260546732,1.64621538574055e-4,FALSE,FALSE
E00174518,Newcastle,E00042583,1,1,394.3231836467181,394.3231836467181,E06000038,Reading,0.09717025992134773,0.09717025992134773,83,1.683346282736323,17323.6778835301,1945.0395640907184,0.7338917801225276,0.02987399547970198,FALSE,FALSE
E00036380,Bradford,E00054654,1,1,95.69220732509243,95.69220732509243,E08000015,Wirral,0.09684023197844252,0.09684023197844252,33,1.1579294865106058,11957.111862024152,2994.6231444856157,0.2821143288996017,0.10943321390762498,FALSE,FALSE
E00063717,Birmingham,E00186254,1,1,144.99202420244993,144.99202420244993,E06000008,Blackburn with Darwen,0.09679970175056689,0.09679970175056689,31,1.6822942022221552,17379.12588364254,4431.831836687324,0.4960624597633828,-0.002371548399614253,FALSE,FALSE
E00189772,Bradford,E00177769,1,1,309.1465768724282,309.1465768724282,E06000035,Medway,0.0967175425139972,0.0967175425139972,19,0.7265135494475707,7511.703984232519,2677.9009605472233,0.2708414731557598,-0.16484966942593957,FALSE,FALSE
E00180778,Newcastle,E00042814,1,1,167.9598630249096,167.9598630249096,E08000003,Manchester,0.09659987847453053,0.09659987847453053,66,2.027671637353834,20990.416027163523,3188.4098082090977,0.1883482971130379,0.010237993921956177,FALSE,FALSE
E00024831,Bradford,E00053579,1,1,49.254133680238084,49.254133680238084,E08000001,Bolton,0.09656499124818295,0.09656499124818295,42,2.2176794509452242,22965.667187247367,3324.186082873385,0.02185865950074014,0.28184252323891784,FALSE,FALSE
E00052784,Bradford,E00054624,1,1,138.13255513055972,138.13255513055972,E08000031,Wolverhampton,0.09616652818076965,0.09616652818076965,30,1.2357092160345247,12849.681062746617,3244.3720897723997,0.8894475219073644,-0.07041161529469216,FALSE,FALSE
E00079219,Bradford,E00177790,1,1,166.3120234087592,166.3120234087592,E06000031,Peterborough,0.09615395638654696,0.09615395638654696,65,1.8474762054445097,19213.730509616275,4492.794849369731,0.45673714092408346,0.025772358425382343,FALSE,FALSE
E00024465,Birmingham,E00175625,1,1,124.78374251815661,124.78374251815661,E08000001,Bolton,0.09596019137026136,0.09596019137026136,27,1.3649953007738527,14224.59961034293,3480.609982438078,0.06955408560467234,-0.40444430073567517,FALSE,FALSE
E00025888,Newcastle,E00042828,1,1,180.1542516874804,180.1542516874804,E08000003,Manchester,0.09577486306010559,0.09577486306010559,63,1.4101284192645809,14723.366593378725,3382.93357617924,0.028222252283061695,-20.27017476670587,FALSE,FALSE
E00036782,Bradford,E00054395,1,1,100.26739195795317,100.26739195795317,E08000015,Wirral,0.09538723929230727,0.09538723929230727,10,0.8468983035024578,8878.528299861991,3166.041938529565,0.17223968851600926,0.20847762982462117,FALSE,FALSE
E00057154,Bradford,E00054136,1,1,17.485141272891134,17.485141272891134,E08000035,Leeds,0.09536260576061997,0.09536260576061997,29,1.1353209853088244,11905.305819334644,3722.633176479301,0.3753471533727386,-0.11500704782733477,FALSE,FALSE
E00026503,Birmingham,E00186136,1,1,110.39311195204283,110.39311195204283,E08000003,Manchester,0.09533971113796241,0.09533971113796241,68,2.118896767502713,22224.703035197363,4678.008719311208,0.6481521521308573,0.018511656285665343,FALSE,FALSE
E00060875,Portsmouth,E00086042,1,1,419.79348097179684,419.79348097179684,E06000002,Middlesbrough,0.09480121697857044,0.09480121697857044,59,1.7305318429689287,18254.32096889759,3143.419562507959,0.5118316681653244,-0.012157517720014856,FALSE,FALSE
E00176635,Birmingham,E00186211,1,1,126.78954465726585,126.78954465726585,E08000012,Liverpool,0.09452686906739773,0.09452686906739773,79,2.5592115254664183,27073.905554215475,2792.8567041797164,1.5419794185557962,0.00894423557336712,FALSE,FALSE
E00051053,Bradford,E00054141,1,1,139.78977964567363,139.78977964567363,E08000028,Sandwell,0.09423304089491785,0.09423304089491785,52,1.4427584365109607,15310.536758755614,5613.742217975371,0.10376061315019917,-0.04542740960731618,FALSE,FALSE
E00121325,Bradford,E00054411,1,1,255.13233040224935,255.13233040224935,E07000103,Watford,0.0940600055757161,0.0940600055757161,20,0.8770404611267695,9324.265459677998,4082.5002895719476,0.2280396502380881,-0.037954453818255116,FALSE,FALSE
E00132786,Bristol,E00073469,1,1,243.97535281767767,243.97535281767767,E07000138,Lincoln,0.09355604911581054,0.09355604911581054,61,1.880460554909909,20099.82863408583,2244.643740139631,0.2787144344142383,-0.055483664621217836,FALSE,FALSE
E00090670,Portsmouth,E00086036,1,1,180.01471968839897,180.01471968839897,E07000008,Cambridge,0.09350534488095133,0.09350534488095133,19,1.0925351746408536,11684.200256486321,3593.377474066181,0.8574254831730623,-0.03812461690248352,FALSE,FALSE
E00161071,Bradford,E00054583,1,1,317.0540172475307,317.0540172475307,E07000226,Crawley,0.09328950216468307,0.09328950216468307,52,1.5576297809022144,16696.73162316319,4620.026798290335,0.38456763432773966,-0.06961421192266724,FALSE,FALSE
E00057849,Sheffield,E00185199,1,1,48.416771934217884,48.416771934217884,E08000035,Leeds,0.09323160579503971,0.09323160579503971,56,1.8482402290464153,19824.18100906237,5073.386819485259,0.8521695260429516,-0.09738471969363269,FALSE,FALSE
E00048746,Sheffield,E00172405,1,1,107.66417971690433,107.66417971690433,E08000026,Coventry,0.0920865330756061,0.0920865330756061,36,1.5688958438634126,17037.190905811352,6320.142376542275,0.7962972844160101,-0.06222307549487195,FALSE,FALSE
E00056836,Bradford,E00176143,1,1,8.585143586796576,8.585143586796576,E08000035,Leeds,0.0916414662051741,0.0916414662051741,41,1.4493979320274113,15815.961835250273,2586.165518886241,0.12569598450106972,-0.15423429203376474,FALSE,FALSE
E00173484,Birmingham,E00186309,1,1,73.27782578359407,73.27782578359407,E06000018,Nottingham,0.09140986900778615,0.09140986900778615,62,2.016576084168159,22060.813630488738,1553.442768722321,0.32513700085383207,0.007250866184110889,FALSE,FALSE
E00090790,Portsmouth,E00179961,1,1,178.41989786423113,178.41989786423113,E07000008,Cambridge,0.09096186602772773,0.09096186602772773,42,1.3888977534261613,15269.011225020233,4991.102533688217,0.6064467293738619,0.010144475297357037,FALSE,FALSE
E00028182,Bradford,E00176158,1,1,32.84415102057812,32.84415102057812,E08000005,Rochdale,0.09092941164236004,0.09092941164236004,43,1.4422717570175774,15861.44384932637,3618.191232711477,0.34794968254646613,-0.014411993964712858,FALSE,FALSE
E00179879,Bristol,E00174277,1,1,180.48410638552465,180.48410638552465,E06000015,Derby,0.09052741309398506,0.09052741309398506,30,1.0027080497464362,11076.291870899153,3203.44954184125,0.8373309660895979,-0.04230626994676224,FALSE,FALSE
E00173478,Bradford,E00054624,1,1,96.91942146448336,96.91942146448336,E06000018,Nottingham,0.0903968027678905,0.0903968027678905,15,0.5426952566569593,6003.478442157115,2378.4027024943557,0.8888294011843643,-0.12179567124291607,FALSE,FALSE
E00187542,Birmingham,E00175624,1,1,72.61692210214358,72.61692210214358,E06000018,Nottingham,0.0902805155805145,0.0902805155805145,49,1.751725121795177,19403.135998187154,6756.718169780346,1.392489877350297,0.0411824514713757,FALSE,FALSE
E00057004,Portsmouth,E00086031,1,1,330.70118477536727,330.70118477536727,E08000035,Leeds,0.09011020528466814,0.09011020528466814,21,1.2651076021527716,14039.559649832741,2152.9192990642123,0.11195055642618541,-0.1507272946456377,FALSE,FALSE
E00034231,Newcastle,E00042579,1,1,195.28979718700833,195.28979718700833,E08000012,Liverpool,0.09006343427192559,0.09006343427192559,65,2.0385438120569788,22634.533410108146,4929.858644513213,0.46889769763421835,-0.05601211845930884,FALSE,FALSE
E00029235,Bristol,E00178080,1,1,217.96176745872435,217.96176745872435,E08000007,Stockport,0.08995484342310159,0.08995484342310159,38,1.5464051486130537,17190.904789190223,3624.0405473962383,0.3056986718027857,-0.07609304740869051,FALSE,FALSE
E00185563,Birmingham,E00046386,1,1,174.0046872479501,174.0046872479501,E06000014,York,0.08976388156331598,0.08976388156331598,79,1.8359680331825086,20453.30483940233,3130.435038081474,0.37906351713195524,-0.05656380534455205,FALSE,FALSE
E00058275,Bradford,E00054434,1,1,15.51217061543753,15.51217061543753,E08000035,Leeds,0.08948090114281897,0.08948090114281897,15,1.0258465938374866,11464.419565915525,3620.8844106617685,0.04637974165515174,0.1141020260366847,FALSE,FALSE
E00185995,Newcastle,E00042814,1,1,356.02805725326726,356.02805725326726,E07000178,Oxford,0.08881587249769643,0.08881587249769643,19,0.7772702654275976,8751.479252177107,4233.477524073775,0.18559181589256007,0.004613936433227323,FALSE,FALSE
E00055632,Bradford,E00054173,1,1,13.560389869203783,13.560389869203783,E08000034,Kirklees,0.0888124194192763,0.0888124194192763,54,1.5946614632845635,17955.388150797862,2871.2200575931333,0.3619633466347825,-0.03642437215765184,FALSE,FALSE
E00033543,Bradford,E00177764,1,1,86.44293147898573,86.44293147898573,E08000012,Liverpool,0.0887966700799414,0.0887966700799414,13,0.9450129322373697,10642.436606987609,3423.5518035340347,0.46856184174289967,-0.15412846125040633,FALSE,FALSE
E00067994,Bradford,E00054569,1,1,96.48744716321833,96.48744716321833,E06000015,Derby,0.08875096367394318,0.08875096367394318,22,0.9898400136725778,11153.005811960436,3335.1750532811852,0.14394851494368052,-0.26808231240761105,FALSE,FALSE
E00033850,Bradford,E00176146,1,1,91.06510119931744,91.06510119931744,E08000012,Liverpool,0.0886011703680162,0.0886011703680162,24,1.563941323450717,17651.47477121,4255.022799745,0.1481612490989991,-0.11771462679196433,FALSE,FALSE
E00036363,Bradford,E00054649,1,1,95.4513394684073,95.4513394684073,E08000015,Wirral,0.08838026723729656,0.08838026723729656,24,1.107454861320419,12530.567013867005,3326.534408530638,0.08732364936724933,-0.015060374498652357,FALSE,FALSE
E00182703,Newcastle,E00042828,1,1,177.78935329834624,177.78935329834624,E08000018,Rotherham,0.08814510275147826,0.08814510275147826,39,1.5653272230496635,17758.527407507187,3834.586261167317,0.027590716729411758,-20.334829341187216,FALSE,FALSE
E00071903,Newcastle,E00042806,1,1,216.78287285004035,216.78287285004035,E06000021,Stoke-on-Trent,0.08799233649972356,0.08799233649972356,48,1.5745033819553362,17893.642157806353,2841.156513678727,0.22229231388842352,-0.002148293972700947,FALSE,FALSE
E00052769,Birmingham,E00186106,1,1,18.16226130738546,18.16226130738546,E08000031,Wolverhampton,0.08750041414327919,0.08750041414327919,26,1.14283892070146,13060.954418228204,3748.553686419247,0.48047716091342474,0.0017582672157640377,FALSE,FALSE
E00181756,Bradford,E00176125,1,1,36.194654192923174,36.194654192923174,E08000004,Oldham,0.08722511647878599,0.08722511647878599,47,1.7789978117225307,20395.47648130915,5032.954012813146,0.45376390835375885,0.035384373451260276,FALSE,FALSE
E00069344,Birmingham,E00175649,1,1,55.41228741686029,55.41228741686029,E06000016,Leicester,0.08720384815084509,0.08720384815084509,14,1.0106319970592708,11589.30504203302,4002.116963878708,0.5801651854543579,0.017586226649944747,FALSE,FALSE
E00069202,Bradford,"E00054410, E00054420",2,2,144.8733896404355,143.73568224617037,E06000016,Leicester,0.08701743641651864,0.08701743641651864,61,2.670896594874551,30693.809250941467,4148.5938320687055,0.18346910207619477,-0.04580853165402226,FALSE,FALSE
E00083321,Bradford,E00177791,1,1,267.07273874666674,267.07273874666674,E06000039,Slough,0.08684687671633397,0.08684687671633397,24,0.7536426014332523,8677.831948923835,4283.401016424061,0.502143189995234,0.0704715929531602,FALSE,FALSE
E00084927,Bradford,E00053570,1,1,208.3595759282288,208.3595759282288,E06000042,Milton Keynes,0.08663657037698244,0.08663657037698244,33,1.3711573945942102,15826.54286322602,3393.4861308650065,0.17220306066312557,0.11240720711209003,FALSE,FALSE
E00028261,Bristol,E00178055,1,1,243.20792803337136,243.20792803337136,E08000005,Rochdale,0.08657845324180043,0.08657845324180043,103,2.7006820730774925,31193.4664105733,4677.838247686139,0.5067577237777037,-0.06346407920822814,FALSE,FALSE
E00036348,Bradford,E00053574,1,1,96.90755231536028,96.90755231536028,E08000015,Wirral,0.08621714932372887,0.08621714932372887,37,1.2300722568206517,14267.141357248616,3247.6137542967663,0.1179012039299618,0.1362621630987553,FALSE,FALSE
E00175990,Bristol; Newcastle,"E00042579, E00178044",2,2,225.380046634324,198.7248728514747,E08000003,Manchester,0.0860958144809152,0.0860958144809152,42,1.4078050038509287,16351.607942137487,3809.7090082434556,0.4676631338850641,-0.051299989227749816,FALSE,FALSE
E00055630,Birmingham,"E00175655, E00175666",2,2,131.34162184196512,131.02914925952675,E08000034,Kirklees,0.08556395847867225,0.08556395847867225,22,1.0354433378811612,12101.395918227143,4616.429709694393,0,0,FALSE,FALSE
E00048948,Bradford,"E00053594, E00054583",2,2,158.51557943332668,158.06827767188258,E08000026,Coventry,0.08491633812426194,0.08491633812426194,25,1.2951791105252837,15252.413600666448,3450.454959223981,0.3860469922165559,-0.06166267844571663,FALSE,FALSE
E00068739,Bradford,E00053635,1,1,131.62387596380458,131.62387596380458,E06000016,Leicester,0.0847718500750151,0.0847718500750151,46,1.5510399264886963,18296.63886202993,4494.416479796665,0.34837949092855797,-0.09296522410524359,FALSE,FALSE
E00173861,Sheffield,E00172508,1,1,203.95338948465684,203.95338948465684,E07000148,Norwich,0.08449955793183879,0.08449955793183879,58,1.1999419001296159,14200.570150882257,2426.048195013782,0.5416928935724205,0.07303956398981191,FALSE,FALSE
E00025887,Newcastle,E00042814,1,1,179.4152609330311,179.4152609330311,E08000003,Manchester,0.08447363648893079,0.08447363648893079,49,1.9389300472333448,22953.078946558875,3527.727849611981,0.1887074268213484,-0.005591258075237414,FALSE,FALSE
E00056748,Bradford,E00054626,1,1,17.127079049929325,17.127079049929325,E08000034,Kirklees,0.0835008583139978,0.0835008583139978,41,1.3437637679662144,16092.813835674673,3125.7163731004052,0.03601860770011244,-0.07820968004026266,FALSE,FALSE
E00169783,Newcastle,E00175553,1,1,130.42645630923673,130.42645630923673,E08000035,Leeds,0.08325394699827768,0.08325394699827768,58,1.5217750836732673,18278.713965414147,1957.8651328491617,1.1425610910930857,-0.03830893940349129,FALSE,FALSE
E00071530,Bradford,E00054207,1,1,132.54506727834152,132.54506727834152,E06000020,Telford and Wrekin,0.08324742325175856,0.08324742325175856,31,1.1954923144287024,14360.712532966578,4732.879224483107,0.16729509473724663,6.926376380686218e-11,FALSE,FALSE
E00085198,Bradford,E00177814,1,1,349.11608893086606,349.11608893086606,E06000043,Brighton and Hove,0.0832174670022335,0.0832174670022335,6,0.7026204930581218,8443.185287522198,3556.9455627873845,0.21224046476490147,-0.0349579575829927,FALSE,FALSE
E00169038,Bradford,E00176206,1,1,137.07448887846866,137.07448887846866,E06000016,Leicester,0.0827082872338089,0.0827082872338089,14,0.6822503731155639,8248.875607675243,4340.556575487281,0.36251500877978465,0.02495517556317729,FALSE,FALSE
E00185498,Portsmouth,"E00174441, E00179913",2,2,352.45314419926143,352.2148831855317,E06000014,York,0.08254776190802456,0.08254776190802456,35,1.2628502547609766,15298.419067594534,3004.321307660937,0.41063498862590914,0.08596266661967139,FALSE,FALSE
E00079018,Bradford,E00053593,1,1,169.646334236218,169.646334236218,E06000031,Peterborough,0.08251648177401488,0.08251648177401488,16,1.0596579808846842,12841.773644527575,3768.944013533263,0.18797763390948008,-0.24046641208587569,FALSE,FALSE
E00181463,Sheffield,E00172504,1,1,66.93432879452676,66.93432879452676,E08000001,Bolton,0.08241750168539211,0.08241750168539211,59,2.197443697408693,26662.342979005556,1468.134771445594,0.4314456389112532,-0.037206583360794736,FALSE,FALSE
E00053027,Bradford,E00054617,1,1,132.86062605700434,132.86062605700434,E08000031,Wolverhampton,0.08204524906363327,0.08204524906363327,30,1.4538788635596596,17720.45158193193,4924.112055369137,0.3092049215842754,-0.1558285753613443,FALSE,FALSE
E00180418,Portsmouth,"E00086032, E00086035",2,2,56.86370970440491,56.67497290691972,E06000058,"Bournemouth, Christchurch and Poole",0.08180770771577209,0.08180770771577209,49,1.3350182972261733,16318.97940307144,5732.956136962866,0.45836637690391874,-0.044670925414571,FALSE,FALSE
E00028526,Newcastle,E00042825,1,1,171.5909953418064,171.5909953418064,E08000006,Salford,0.08174930088155571,0.08174930088155571,59,2.484866536970604,30396.180886866023,2519.899225786257,0.2576717865823852,0.059527688819865504,FALSE,FALSE
E00164938,Portsmouth,E00086057,1,1,172.9836677620922,172.9836677620922,E07000237,Worcester,0.08127404041156527,0.08127404041156527,53,1.5747736014875409,19376.09590359988,3285.1818200243674,0.09525178721456155,0.03538022274227307,FALSE,FALSE
E00175868,Newcastle,E00189977,1,1,170.19843709290691,170.19843709290691,E08000003,Manchester,0.08076653257010924,0.08076653257010924,80,2.4859087378411915,30778.94591653174,2166.7390493468515,0.48523221373264225,0.06664383456570927,FALSE,FALSE
E00123691,Bath,E00072827,1,1,210.54057876425446,210.54057876425446,E07000110,Maidstone,0.08048279015442217,0.08048279015442217,39,1.3062184159669457,16229.785441840511,5131.531836900506,0.07655687500468569,0.20847762982456355,FALSE,FALSE
E00080177,Bradford,E00177791,1,1,298.6419832154676,298.6419832154676,E06000033,Southend-on-Sea,0.0801251407620972,0.0801251407620972,52,1.7043171146164617,21270.691051599133,4305.764666602627,0.49419148160672044,0.08140996270939378,FALSE,FALSE
E00029627,Bradford,E00054428,1,1,58.61915807344055,58.61915807344055,E08000007,Stockport,0.08002811257371167,0.08002811257371167,18,1.062841290451708,13280.849145014563,4673.357748572653,0.08299357655037201,-0.01210358767626831,FALSE,FALSE
E00053005,Bradford,E00053585,1,1,133.7870483527079,133.7870483527079,E08000031,Wolverhampton,0.07966576817732676,0.07966576817732676,11,0.7656867032983108,9611.23856351929,3539.7888760992137,0.13060171943594548,0.06166267844562677,FALSE,FALSE
E00079652,Portsmouth,E00086037,1,1,129.6242007027218,129.6242007027218,E06000032,Luton,0.07949700635441347,0.07949700635441347,21,1.1281111299517075,14190.611466831388,5597.695063083275,1.0176701297585335,0.05451918735333443,FALSE,FALSE
E00058498,Bradford,E00176149,1,1,7.017074765178864,7.017074765178864,E08000035,Leeds,0.07944149302456109,0.07944149302456109,42,1.4424938853969294,18157.940271225143,5349.849100502201,0.09961602018192228,-0.03454781785271512,FALSE,FALSE
E00134823,Bristol,E00073469,1,1,299.0736405878453,299.0736405878453,E07000148,Norwich,0.07940062516929255,0.07940062516929255,5,0.18062666452391848,2274.8771075643135,3450.8544412061747,0.2768140580560797,-0.07820968004028755,FALSE,FALSE
E00080158,Bristol,E00074228,1,1,231.0473988548355,231.0473988548355,E06000033,Southend-on-Sea,0.07927476291911117,0.07927476291911117,66,2.148057202588696,27096.356059500155,5575.544898834945,0.5096463439989776,-0.04097640575458343,FALSE,FALSE
E00051036,Bradford,E00054401,1,1,144.07280056417196,144.07280056417196,E08000028,Sandwell,0.07890990588609874,0.07890990588609874,18,0.7847102527313203,9944.382063564972,6070.213804226367,0.06371778605665762,-0.045739854123971024,FALSE,FALSE
E00083372,Bradford,E00054390,1,1,270.9042428308048,270.9042428308048,E06000039,Slough,0.07889770875132186,0.07889770875132186,44,1.6247226218000534,20592.773193465302,5386.721702395185,0.23199990874897017,0.016418117790284216,FALSE,FALSE
E00058781,Newcastle,E00042828,1,1,127.75329843503773,127.75329843503773,E08000035,Leeds,0.07832246715366152,0.07832246715366152,33,1.319531736283548,16847.423022244016,5158.162334281285,0.03714537411434226,-20.43181396328876,FALSE,FALSE
E00026306,Birmingham,E00186188,1,1,110.25265063614974,110.25265063614974,E08000003,Manchester,0.07827154862918274,0.07827154862918274,46,1.2900188384868156,16481.32509295779,5455.36670065063,0.6127325248421777,0.06618258326657457,FALSE,FALSE
E00185400,Bradford,E00176139,1,1,101.52103125182734,101.52103125182734,E07000138,Lincoln,0.07819000168579304,0.07819000168579304,51,1.8019692763174737,23046.031940997997,4975.060642193086,0.6806644908544528,-0.03139612746376709,FALSE,FALSE
E00052899,Bristol,E00174262,1,1,131.48691940531987,131.48691940531987,E08000031,Wolverhampton,0.07809067478485965,0.07809067478485965,40,1.3020347154189507,16673.370015127482,5391.168678716863,0.8064301109376685,-0.04723462137438001,FALSE,FALSE
E00036135,Bradford,E00054654,1,1,95.463219253699,95.463219253699,E08000015,Wirral,0.0776765568797097,0.0776765568797097,73,2.0417224125295856,26284.92423642576,4119.647070551204,0.27684640014295253,0.1000278280479368,FALSE,FALSE
E00044860,Bradford,E00054164,1,1,126.13350627381065,126.13350627381065,E08000024,Sunderland,0.07767581852181404,0.07767581852181404,39,1.442593104306795,18571.97171217018,4827.757301259556,0.24261865591558088,-0.04127891225152979,FALSE,FALSE
E00085578,Bristol,E00178056,1,1,185.30985851192725,185.30985851192725,E06000043,Brighton and Hove,0.07748651542273932,0.07748651542273932,66,1.684175277764173,21735.075691246428,2051.9699348015797,0.7422030334392734,-0.05204639986555967,FALSE,FALSE
E00063720,Bristol,E00178060,1,1,256.16740919437893,256.16740919437893,E06000008,Blackburn with Darwen,0.07727748121967637,0.07727748121967637,21,1.1744863029643575,15198.299484239791,5344.377087368656,0.43763515905012507,-0.0706280493122793,FALSE,FALSE
E00026221,Bradford,E00177776,1,1,51.05517399788193,51.05517399788193,E08000003,Manchester,0.07655950391214038,0.07655950391214038,15,1.0399261495009824,13583.2404386319,4036.076309410366,0.36804536570569085,-0.07240997741358508,FALSE,FALSE
E00081202,Bradford,E00177796,1,1,311.67781891694085,311.67781891694085,E06000035,Medway,0.07647246275334532,0.07647246275334532,20,0.7427471920420098,9712.60981142546,6302.922419991171,0.598661973770007,-0.07602431101507033,FALSE,FALSE
E00078752,Bradford,"E00054135, E00054405",2,2,251.6659589264056,249.21661956783424,E06000030,Swindon,0.07639027735490142,0.07639027735490142,50,2.0381534645654944,26680.796760253164,5223.177789318486,0.23040316058835708,0.15338680109634353,FALSE,FALSE
E00108366,Bradford,E00053550,1,1,285.7353923983464,285.7353923983464,E07000066,Basildon,0.07632533700379217,0.07632533700379217,17,1.0138105892771463,13282.752871785891,3878.135513313141,0.1949782356691902,-0.01950522796519326,FALSE,FALSE
E00068980,Bradford,E00177866,1,1,138.81053857992717,138.81053857992717,E06000016,Leicester,0.0762796490755817,0.0762796490755817,19,1.0568261837817576,13854.628286695464,3736.2521125078556,0.13958728716591284,-0.06799485919429063,FALSE,FALSE
E00033812,Birmingham,E00175618,1,1,123.41083294978397,123.41083294978397,E08000012,Liverpool,0.07625987871895823,0.07625987871895823,42,1.0517694267610105,13791.910562002247,7094.162868967522,0.13568610797091327,-0.28184252347349475,FALSE,FALSE
E00079064,Bradford,E00054570,1,1,167.15029521493446,167.15029521493446,E06000031,Peterborough,0.07616996046128217,0.07616996046128217,23,0.9904984198047262,13003.793277642631,4870.686524625182,0.5011275031593256,0.02863253136134706,FALSE,FALSE
E00184545,Bristol,"E00074007, E00174294, E00178046",3,3,104.37415287661882,103.86047435436393,E06000045,Southampton,0.07615196317174379,0.07615196317174379,60,1.8000995727014057,23638.25563684658,2718.2490296823685,1.0772604079283694,0.0037830396863183405,FALSE,FALSE
E00058017,Bradford,E00054490,1,1,16.88955762939672,16.88955762939672,E08000035,Leeds,0.0761337588716466,0.0761337588716466,46,1.6991156743126763,22317.506707861412,4570.902647624307,0.3138859278758294,-0.015084618906458878,FALSE,FALSE
E00082736,Portsmouth,E00086016,1,1,72.43758305288523,72.43758305288523,E06000038,Reading,0.07610757082151375,0.07610757082151375,21,0.8243680303678983,10831.616637734936,4782.704218134185,0.3520066151406883,0.006486141710449255,FALSE,FALSE
E00082697,Bradford,E00176207,1,1,270.31285133073413,270.31285133073413,E06000038,Reading,0.0760890309931722,0.0760890309931722,35,1.1360100032314022,14930.010126339252,5992.979461664046,0.2914890705698731,-0.11603140789675871,FALSE,FALSE
E00170857,Bristol,E00174296,1,1,266.3263745061456,266.3263745061456,E07000202,Ipswich,0.07601213400342093,0.07601213400342093,26,0.8445573645605361,11110.82297100785,4565.060625509912,1.465837078626604,-0.02505186910882925,FALSE,FALSE
E00090543,Bristol,"E00073463, E00178115",2,2,207.24052596891264,206.56146220952218,E07000008,Cambridge,0.07573812272276124,0.07573812272276124,11,0.7322657609807038,9668.39069488369,4066.6442331483627,0.13656244130009942,0.2818425231117847,FALSE,FALSE
E00052795,Birmingham,E00046357,1,1,15.885742046359768,15.885742046359768,E08000031,Wolverhampton,0.0753459683483383,0.0753459683483383,33,1.1466445641213723,15218.393090659118,5096.490342053834,0.13056051080197992,-0.18888028617276925,FALSE,FALSE
E00166986,Portsmouth,E00086056,1,1,25.58918020516476,25.58918020516476,E06000045,Southampton,0.07500817765241564,0.07500817765241564,53,1.1283789896387197,15043.412931154984,3452.956838922201,0.8104271777452993,0.021350845787225813,FALSE,FALSE
E00170048,Birmingham,E00186138,1,1,148.43154379512205,148.43154379512205,E08000035,Leeds,0.07495141738223936,0.07495141738223936,70,2.3126220903091244,30854.94805942293,2641.7112166169454,0.8597632567516582,0.08286506160175036,FALSE,FALSE
E00079484,Bradford,E00176132,1,1,230.623988333305,230.623988333305,E06000032,Luton,0.07479017718468071,0.07479017718468071,12,0.8436754219061092,11280.564556262603,5522.1155444005935,0.1777934927404975,-0.04573985431722347,FALSE,FALSE
E00181271,Bradford,E00054144,1,1,178.9566591999899,178.9566591999899,E07000237,Worcester,0.07448036971314181,0.07448036971314181,60,1.734676396866795,23290.383809154446,3893.6434004949692,0.39771221955064007,-0.04889396725216195,FALSE,FALSE
E00081457,Birmingham,E00175684,1,1,206.6762828603224,206.6762828603224,E06000035,Medway,0.07438546461642137,0.07438546461642137,20,0.9842902497266588,13232.292824979766,5350.507683891476,0.2031920971030047,0.11410202603683788,FALSE,FALSE
E00028479,Bradford,E00054435,1,1,48.90689080942482,48.90689080942482,E08000006,Salford,0.07409059319164121,0.07409059319164121,27,1.5730284846807152,21231.149825079032,3738.6662471916975,0.0901503064827104,0.16533230214919778,FALSE,FALSE
E00161195,Bath,E00072759,1,1,154.4457030850991,154.4457030850991,E07000226,Crawley,0.07399214335072803,0.07399214335072803,51,1.260078541985521,17029.8964852614,6000.637093257434,0.31668819577802587,0.01484507013428847,FALSE,FALSE
E00136614,Portsmouth,E00086035,1,1,259.0816811879521,259.0816811879521,E07000148,Norwich,0.07378019214030612,0.07378019214030612,37,1.3615189930145066,18453.719806331443,5936.552715491243,0.44003682877277095,-0.029987871091506288,FALSE,FALSE
E00121205,Bradford,E00054173,1,1,253.7397002714394,253.7397002714394,E07000103,Watford,0.07343931633567985,0.07343931633567985,18,0.5438231037895058,7405.067624864232,4915.623102343769,0.36146680534574466,-0.04247281128059997,FALSE,FALSE
E00069923,Bradford,E00053582,1,1,96.73258567677262,96.73258567677262,E06000018,Nottingham,0.07337233170148079,0.07337233170148079,20,0.894384595026279,12189.671151042738,5151.805745221686,0.15176021675106321,0.04008735602365306,FALSE,FALSE
E00174107,Portsmouth,E00086042,1,1,417.7416268377229,417.7416268377229,E06000002,Middlesbrough,0.07336820057290047,0.07336820057290047,28,1.1277473714544977,15371.064884355992,3993.555760017147,0.5095822118909609,-0.02691375931979728,FALSE,FALSE
E00178591,Portsmouth,E00086056,1,1,204.77358255936846,204.77358255936846,E06000016,Leicester,0.07316626883665682,0.07316626883665682,45,1.9198491166875418,26239.538344829245,1462.4225302355756,0.8429980178819447,0.01929519893673653,FALSE,FALSE
E00171929,Bradford; Portsmouth,"E00054394, E00086027",2,2,365.1469124448081,269.24671418560524,E07000041,Exeter,0.07303008853095137,0.07303008853095137,26,1.1290244983808508,15459.716961760925,3094.614898408858,0.22059397325494226,0.04657220095740833,FALSE,FALSE
E00177149,Birmingham,E00175670,1,1,121.85545870685647,121.85545870685647,E06000032,Luton,0.0729032566261784,0.0729032566261784,55,1.4863350875795276,20387.773555863463,5171.236751920699,0.5699603051015725,0.0339926177466837,FALSE,FALSE
E00083091,Bradford,E00054644,1,1,261.67868079595195,261.67868079595195,E06000039,Slough,0.07282958845664723,0.07282958845664723,32,1.583131609411662,21737.47844743132,6425.959694645029,0.05630043609142747,0.1559681284986023,FALSE,FALSE
E00048451,Bradford,E00053556,1,1,152.1941514931239,152.1941514931239,E08000026,Coventry,0.07275763904316444,0.07275763904316444,64,1.9275304234008688,26492.481734561723,3683.4620188954373,0.5963350752056835,0.016494811360105745,FALSE,FALSE
E00166700,Birmingham,E00186105,1,1,139.2429722171492,139.2429722171492,E06000039,Slough,0.07266639175305142,0.07266639175305142,28,0.7778980969454449,10705.060182278545,2848.6346302079546,0.6045226255810981,-0.24495900685471175,FALSE,FALSE
E00064822,Portsmouth,E00179918,1,1,331.70630126180987,331.70630126180987,E06000010,"Kingston upon Hull, City of",0.07260738289962848,0.07260738289962848,47,1.4916947520320143,20544.670424137366,6349.216589135027,1.2707247896514142,0.0037762841421190565,FALSE,FALSE
E00136281,Portsmouth,E00179966,1,1,263.9743105367896,263.9743105367896,E07000148,Norwich,0.07259210216400214,0.07259210216400214,19,0.7048161299369157,9709.267384826177,5207.178036338053,0.14188097540978592,0.015060374493002786,FALSE,FALSE
E00056605,Birmingham,E00175779,1,1,129.87429069168365,129.87429069168365,E08000034,Kirklees,0.07249185318874149,0.07249185318874149,59,2.0071665049861136,27688.16655521563,4952.280624766195,0.6240491244191352,-0.17686353357955797,FALSE,FALSE
E00090655,Portsmouth,E00086016,1,1,180.55110587152322,180.55110587152322,E07000008,Cambridge,0.07216931318248258,0.07216931318248258,28,1.0070440197306145,13953.908875151259,5154.545382181832,0.344090221689309,0.008480246590827741,FALSE,FALSE
E00050916,Birmingham,E00175669,1,1,11.80540108716852,11.80540108716852,E08000028,Sandwell,0.07211070567718873,0.07211070567718873,30,1.2230149276805713,16960.24073256928,5685.702228950701,0.12264772620925621,0.05629532858786865,FALSE,FALSE
E00178464,Sheffield,E00185242,1,1,85.66809895822897,85.66809895822897,E06000016,Leicester,0.07204672958012025,0.07204672958012025,61,2.1470815098908753,29801.234870809687,3567.1292992446065,0.5511614228656578,-0.06467557299714644,FALSE,FALSE
E00188101,Bradford,E00176161,1,1,274.5571117647057,274.5571117647057,E07000071,Colchester,0.07202937204569299,0.07202937204569299,23,1.072447113187868,14889.024889839993,4636.997248679632,0.046622345647771964,0.07820968004028751,FALSE,FALSE
E00028247,Bradford,E00176196,1,1,33.35532683751613,33.35532683751613,E08000005,Rochdale,0.07188673222916481,0.07188673222916481,44,1.2261796957070088,17057.107169625127,7887.408182534764,0.2688549656744374,-0.07702872445850423,FALSE,FALSE
E00083310,Bradford,E00177776,1,1,264.650626656478,264.650626656478,E06000039,Slough,0.07155376507871376,0.07155376507871376,58,1.5594269678783956,21793.77935127418,6316.928249726214,0.3703543108439027,-0.06823963450494405,FALSE,FALSE
E00161011,Bradford,E00054393,1,1,317.6854306802455,317.6854306802455,E07000226,Crawley,0.07136990029433661,0.07136990029433661,38,1.0500271215148167,14712.464458888126,4609.786459602313,0.4276765721557253,-0.0288396168944084,FALSE,FALSE
E00085099,Bradford,"E00053599, E00054150",2,2,348.6082705635701,348.12471266909705,E06000043,Brighton and Hove,0.07128882127411501,0.07128882127411501,34,1.0933583513564664,15337.02383929674,3689.2179629219845,0.8679473649445844,-0.019745469556106243,FALSE,FALSE
E00075970,Bath,E00072808,1,1,166.3936946468292,166.3936946468292,E06000026,Plymouth,0.07107933908265852,0.07107933908265852,16,0.8617599102755542,12123.915632831213,3686.021893018995,0.17406240208138293,0.1719538386779331,FALSE,FALSE
E00056624,Bradford,E00177765,1,1,17.83562789925365,17.83562789925365,E08000034,Kirklees,0.07064349370111321,0.07064349370111321,37,1.3995605791624504,19811.599141512954,3722.9189302659815,0.47380942981177626,-0.03267659956062366,FALSE,FALSE
E00068158,Bradford,E00054396,1,1,107.5671923808473,107.5671923808473,E06000015,Derby,0.07063970790140284,0.07063970790140284,37,1.7189273451425966,24333.72668445675,7686.894752706311,0.3027038934893641,0.009553219879836131,FALSE,FALSE
E00178487,Birmingham,E00186272,1,1,57.75079462334522,57.75079462334522,E06000016,Leicester,0.07033160843625441,0.07033160843625441,25,1.2865921805574014,18293.228452517393,7308.236103627117,0.2271605598235335,0.022048108893154925,FALSE,FALSE
E00025630,Bradford,E00176160,1,1,46.642538436905255,46.642538436905255,E08000003,Manchester,0.07026234504500788,0.07026234504500788,39,1.4008118101596276,19936.878128139775,6205.315232799474,0.16616721697504472,0.24729541996859397,FALSE,FALSE
E00189279,Birmingham,E00186211,1,1,176.62890515795706,176.62890515795706,E06000010,"Kingston upon Hull, City of",0.06992264174257709,0.06992264174257709,28,0.9585573869214042,13708.826826800543,3103.4296558601704,1.5500480412257542,-0.025855508344156543,FALSE,FALSE
E00086731,Bradford,E00054580,1,1,322.50089112550484,322.50089112550484,E06000045,Southampton,0.06975482326312456,0.06975482326312456,17,1.0567585268843498,15149.612276962049,4487.144907805471,0.04731449875064215,-0.1141020260367784,FALSE,FALSE
E00039096,Bristol,E00074228,1,1,235.88059613768314,235.88059613768314,E08000018,Rotherham,0.06969290432614135,0.06969290432614135,43,1.6323617101342365,23422.208127462818,4749.407464080157,0.5125261115878541,-0.03164496745355154,FALSE,FALSE
E00188375,Birmingham,E00186130,1,1,141.33120108779542,141.33120108779542,E06000039,Slough,0.06959773503295018,0.06959773503295018,48,1.3468377975423287,19351.747537541058,4253.011967413343,0.549047183966308,-0.07793181576107588,FALSE,FALSE
E00068827,Portsmouth,E00086043,1,1,202.4946992793866,202.4946992793866,E06000016,Leicester,0.06954852917423833,0.06954852917423833,21,1.0547130779825433,15165.138508395987,4155.371845118032,0.13475086539350972,-0.20564855889280867,FALSE,FALSE
E00057621,Bradford,E00176109,1,1,17.28997707706746,17.28997707706746,E08000035,Leeds,0.06954430196239741,0.06954430196239741,29,1.6093485558641256,23141.343150360473,5636.694724636884,0.2302919393375283,-0.18374421331611346,FALSE,FALSE
E00078618,Portsmouth,"E00086025, E00086048",2,2,100.77264154744176,100.35123167671605,E06000030,Swindon,0.06954427174879413,0.06954427174879413,44,1.6491725860125974,23713.99605663702,4069.3502553631547,0.7552484261283288,-0.10668432966016529,FALSE,FALSE
E00086966,Portsmouth,E00086035,1,1,24.02193086413138,24.02193086413138,E06000045,Southampton,0.06942310270347439,0.06942310270347439,16,1.3571567847012673,19549.065539436717,6179.499090272294,0.4515384713895744,-0.016175823041780977,FALSE,FALSE
E00164816,Bradford,E00054171,1,1,179.357467849767,179.357467849767,E07000237,Worcester,0.06918854758932966,0.06918854758932966,24,1.1974859649347525,17307.574832217324,6344.9807127863905,0.08350828563193116,-0.1141020278631843,FALSE,FALSE
E00121213,Bradford,E00054132,1,1,250.59536674166597,250.59536674166597,E07000103,Watford,0.0691857634507008,0.0691857634507008,16,0.8014459198289009,11583.971612887983,5434.644083503156,0.062387241313393176,-0.11410202603677853,FALSE,FALSE
E00178495,Birmingham,E00175620,1,1,55.839751169324074,55.839751169324074,E06000016,Leicester,0.06917239513424621,0.06917239513424621,66,1.8819767729100938,27207.04941989721,12201.399103818922,0.39134170548829833,-0.07245725998372127,FALSE,FALSE
E00060986,Bradford,E00176102,1,1,92.39701873481802,92.39701873481802,E06000002,Middlesbrough,0.06898615576704918,0.06898615576704918,50,1.6173644945320733,23444.769121409685,5609.821212633045,0.4251932711055088,-0.002488329399362491,FALSE,FALSE
E00039053,Newcastle,E00189986,1,1,173.97250682739212,173.97250682739212,E08000018,Rotherham,0.06895851554473513,0.06895851554473513,17,0.4885284117683521,7084.381209619157,4930.500567104485,0.3785521896885924,-0.12086508413592244,FALSE,FALSE
E00064866,Bradford,E00176158,1,1,89.1326843232842,89.1326843232842,E06000010,"Kingston upon Hull, City of",0.06866837428547745,0.06866837428547745,35,1.7272847195264291,25154.00630202089,7310.497812472125,0.3443705564436903,-0.023305180443358692,FALSE,FALSE
E00081063,Birmingham,E00186157,1,1,208.26812534324026,208.26812534324026,E06000035,Medway,0.06861546337645594,0.06861546337645594,52,1.6741889205262348,24399.586305216155,6281.382924361176,0.8567662122319744,0.05333585658631866,FALSE,FALSE
E00087140,Bradford,E00054130,1,1,318.8769318722569,318.8769318722569,E06000045,Southampton,0.06852223664690438,0.06852223664690438,25,0.793055261329953,11573.691988727292,5881.302475233874,0.7661464838920067,-0.027686182472720363,FALSE,FALSE
E00187519,Bradford,E00177790,1,1,99.20989054775649,99.20989054775649,E06000018,Nottingham,0.06843411730071879,0.06843411730071879,38,1.017366892040537,14866.369760713658,8285.341031118181,0.4632094907814465,0.035781724139556825,FALSE,FALSE
E00079517,Birmingham,E00175614,1,1,118.25533913472385,118.25533913472385,E06000032,Luton,0.06842107978898948,0.06842107978898948,22,0.9473254302687023,13845.520023803376,8623.07350044108,1.0003610899912194,0.017235317978860267,FALSE,FALSE
E00079110,Bradford,E00054642,1,1,170.396017583963,170.396017583963,E06000031,Peterborough,0.06841088803579676,0.06841088803579676,15,1.0521457707954975,15379.799926657151,2411.896771660995,0.04752193221495955,-0.1559681283386857,FALSE,FALSE
E00138034,Bristol,E00178075,1,1,148.24975737949575,148.24975737949575,E06000062,West Northamptonshire,0.06830619258034276,0.06830619258034276,19,1.2255245811435855,17941.632154392228,4567.66785285274,0.14508684912225978,0.0610053401640133,FALSE,FALSE
E00185504,Sheffield,E00185242,1,1,70.05484724376412,70.05484724376412,E06000014,York,0.06828776113740029,0.06828776113740029,55,1.6428805389937844,24058.19888703308,1493.679076617669,0.5520818333848627,-0.06630457185176916,FALSE,FALSE
E00058657,Newcastle,E00189969,1,1,136.1688605028882,136.1688605028882,E08000035,Leeds,0.06827973449265311,0.06827973449265311,32,1.3963935025964493,20451.06813862466,3558.889058453307,0.13598960439654717,0.0898080027761532,FALSE,FALSE
E00083306,Birmingham,E00175663,1,1,135.80141517584607,135.80141517584607,E06000039,Slough,0.06807416915085097,0.06807416915085097,8,0.4613532173473922,6777.214075504071,4421.647796141149,0.10479064235851324,-20.421463726544115,FALSE,FALSE
E00058847,Birmingham,E00046370,1,1,150.01017057355284,150.01017057355284,E08000035,Leeds,0.06796811792779411,0.06796811792779411,31,0.9014329162101571,13262.584630749872,3516.3545392547353,0.5734253661084311,-0.10616992975662783,FALSE,FALSE
E00072408,Bradford,E00053563,1,1,93.4887786558648,93.4887786558648,E06000021,Stoke-on-Trent,0.06789399204754433,0.06789399204754433,17,0.984549854780894,14501.28096888809,4831.06074791287,0.10156925981392222,-0.11410202603678678,FALSE,FALSE
E00033032,Bristol,E00073467,1,1,216.1669123768203,216.1669123768203,E08000012,Liverpool,0.06778927378684829,0.06778927378684829,14,0.5998942485044008,8849.397773321263,5325.326262309615,0.32442468065864827,0.025785140165569886,FALSE,FALSE
E00103171,Bradford,E00054350,1,1,344.21866671336574,344.21866671336574,E06000058,"Bournemouth, Christchurch and Poole",0.0677838309743153,0.0677838309743153,33,1.2980923012782934,19150.47117608575,6063.392907900653,0.4065535243374491,-0.1519268082798496,FALSE,FALSE
E00090638,Portsmouth,E00086028,1,1,176.44955804061289,176.44955804061289,E07000008,Cambridge,0.06778019124342237,0.06778019124342237,16,0.6806662802825172,10042.25966017131,4971.954103665998,0.28854521766302427,0.020048522330566827,FALSE,FALSE
E00057493,Bradford,E00054435,1,1,24.186008409178545,24.186008409178545,E08000035,Leeds,0.06764983377922978,0.06764983377922978,33,1.5098981483946246,22319.317935385698,5144.136808017477,0.09213800291623386,0.1814576940286382,FALSE,FALSE
E00057625,Bradford,E00176160,1,1,19.711467923227335,19.711467923227335,E08000035,Leeds,0.06728886844361806,0.06728886844361806,16,0.8496080235115088,12626.278954644673,4577.280122611602,0.16681928145430244,0.2532043695765731,FALSE,FALSE
E00083177,Bradford,E00176143,1,1,265.66203765448176,265.66203765448176,E06000039,Slough,0.06704330523347948,0.06704330523347948,34,1.1271224996822529,16811.85758603382,6771.742509098217,0.12565271302802117,-0.15362251144499775,FALSE,FALSE
E00057866,Portsmouth,E00086057,1,1,338.95940621588176,338.95940621588176,E08000035,Leeds,0.06680522078365903,0.06680522078365903,20,0.9615372851364605,14393.14583287267,5358.862612838921,0.09245091310981675,0.03950128166714777,FALSE,FALSE
E00039348,Bradford,E00176157,1,1,50.088838372733754,50.088838372733754,E08000018,Rotherham,0.06646700745981955,0.06646700745981955,17,1.0429880495306771,15691.815975936353,4092.255848353466,0.1405390024036787,-0.008727558409742939,FALSE,FALSE
E00056718,Bradford,E00053592,1,1,13.823826107700011,13.823826107700011,E08000034,Kirklees,0.06641436454777012,0.06641436454777012,50,1.4806097045328712,22293.51608819365,6022.793453248964,0.3336176296074207,-0.05876635317892998,FALSE,FALSE
E00087252,Bradford,E00177766,1,1,323.55500962377437,323.55500962377437,E06000045,Southampton,0.06639462727698771,0.06639462727698771,33,1.0252170005239858,15441.264490377289,5060.650443871942,0.742912475710727,-0.05181298265832528,FALSE,FALSE
E00169558,Sheffield,E00185214,1,1,85.26545616176716,85.26545616176716,E06000016,Leicester,0.06639178104610764,0.06639178104610764,41,1.228662213173684,18506.239685306904,7500.928460619995,0.07919385731629504,-0.01817746886403557,FALSE,FALSE
E00057284,Bradford,E00053577,1,1,10.998659761798207,10.998659761798207,E08000035,Leeds,0.06635054197839833,0.06635054197839833,31,1.0052972267921298,15151.303920311957,4596.797417258453,0.2914153070279747,-0.01231967428196191,FALSE,FALSE
E00051648,Bradford,E00054164,1,1,153.4627275265917,153.4627275265917,E08000029,Solihull,0.06629436968736115,0.06629436968736115,18,0.8123539226298975,12253.739291298682,4238.670664268672,0.24606947099222778,-0.037853340484517245,FALSE,FALSE
E00090834,Portsmouth,"E00086039, E00179918",2,2,179.9144926668028,179.19361902449,E07000008,Cambridge,0.06578849832926656,0.06578849832926656,37,0.9762919639526407,14839.85785883684,5396.079999018238,1.2218977970178888,0.0014890845912537956,FALSE,FALSE
E00024441,Bradford,E00054394,1,1,51.01679251683179,51.01679251683179,E08000001,Bolton,0.06565578059174458,0.06565578059174458,52,1.7100291829205363,26045.37129112363,3594.504518459326,0.2222883116829614,0.04290912981257397,FALSE,FALSE
E00056100,Bradford,E00176193,1,1,13.631274542270242,13.631274542270242,E08000034,Kirklees,0.0656538864363851,0.0656538864363851,20,0.6852933319004876,10437.970531485566,6107.787699492037,0.07296145704692275,-0.07820968004028758,FALSE,FALSE
E00025691,Newcastle,E00175574,1,1,177.91977205526263,177.91977205526263,E08000003,Manchester,0.06545840683204943,0.06545840683204943,43,1.106302819048949,16900.85158790156,5163.584272181065,0.11560849145259304,-0.00126417877887341,FALSE,FALSE
E00175956,Birmingham,E00046425,1,1,115.00640455297918,115.00640455297918,E08000003,Manchester,0.06543125492270895,0.06543125492270895,69,1.5671071849015203,23950.437550871902,3255.3250010504535,0.7930813616160546,0.03445229043508685,FALSE,FALSE
E00028399,Newcastle,E00042825,1,1,168.23891554546393,168.23891554546393,E08000006,Salford,0.06534660932809959,0.06534660932809959,56,1.4244841726341446,21798.899549354348,7911.65762563423,0.26320088857617197,0.04060764755900903,FALSE,FALSE
E00187666,Bradford,E00053561,1,1,165.47158110024455,165.47158110024455,E06000031,Peterborough,0.06503770667960262,0.06503770667960262,12,0.885104947851487,13609.104518580403,6657.676325106327,0.3389428572602866,0.25397222319437573,FALSE,FALSE
E00036973,Portsmouth,E00086045,1,1,314.261307720231,314.261307720231,E08000015,Wirral,0.06500990206862614,0.06500990206862614,26,0.9230346442283532,14198.370015293576,5645.293844814368,0.15761163560834762,-0.008441985430937002,FALSE,FALSE
E00067945,Bradford,E00053594,1,1,99.30639308774153,99.30639308774153,E06000015,Derby,0.06499258085486635,0.06499258085486635,30,1.1053866223185334,17007.889327967303,4708.229708300438,0.38671899168037616,-0.04965734203417902,FALSE,FALSE
E00072319,Portsmouth,E00086029,1,1,258.21337359009607,258.21337359009607,E06000021,Stoke-on-Trent,0.0647841596668882,0.0647841596668882,53,1.3283056733748608,20503.55642806571,4615.325745327553,0.8573395588280507,-0.04740696597935542,FALSE,FALSE
E00070510,Bradford,E00176142,1,1,97.97893718537797,97.97893718537797,E06000018,Nottingham,0.0647177929983983,0.0647177929983983,28,1.1338369632562875,17519.709970399465,3955.6355082494197,0.17397915784424053,-0.40444430073772886,FALSE,FALSE
E00077924,Bristol,E00073448,1,1,90.95618577572024,90.95618577572024,E06000058,"Bournemouth, Christchurch and Poole",0.06467863503911976,0.06467863503911976,24,1.0363468230702824,16023.016293455572,5009.382152298578,0.04341693243840682,-0.04573985412394574,FALSE,FALSE
E00044399,Newcastle; Portsmouth,"E00086015, E00190004",2,2,447.6643261026994,234.10567336060845,E08000024,Sunderland,0.06428928240849942,0.06428928240849942,29,1.1034035490795937,17163.102584789736,4013.110589112609,0.2265716837765639,0.4852146082375616,FALSE,FALSE
E00027210,Bradford,E00054133,1,1,41.43030591882677,41.43030591882677,E08000004,Oldham,0.06420694847763958,0.06420694847763958,16,1.1737838372948664,18281.258728619425,5155.205283043042,0.04259728104216475,-0.20847762944635576,FALSE,FALSE
E00058002,Bradford,E00176174,1,1,16.25610800810608,16.25610800810608,E08000035,Leeds,0.06410973760091328,0.06410973760091328,33,0.7927397914641603,12365.35698210169,4648.279826928427,0.23465581266764252,-0.10814790887126159,FALSE,FALSE
E00048625,Bradford; Portsmouth,"E00054486, E00086048",2,2,184.57031871018026,168.60708919799555,E08000026,Coventry,0.06384064381272718,0.06384064381272718,21,0.9593917843187568,15027.915243666352,5090.800790690154,0.728731485329993,-0.06847898139938616,FALSE,FALSE
E00055605,Bradford,"E00054215, E00177866",2,2,14.508391034727653,12.542322938616682,E08000034,Kirklees,0.06378782906402915,0.06378782906402915,20,1.3843397499514098,21702.255277599008,7117.345215562713,0.14048718893380494,-0.0686127244555043,FALSE,FALSE
E00185377,Bristol,E00174256,1,1,241.5794360292527,241.5794360292527,E07000138,Lincoln,0.06378112673300981,0.06378112673300981,18,0.6424999433291596,10073.51196567424,18688.9141201559,0.23189107103729475,-0.5586369310173681,FALSE,FALSE
E00049172,Bradford,E00177771,1,1,158.68335922225134,158.68335922225134,E08000026,Coventry,0.06359692625966389,0.06359692625966389,36,1.4736918841833615,23172.37594418215,4984.51762756113,0.37314177129008347,-0.06309848506852747,FALSE,FALSE
E00090745,Bristol,E00174298,1,1,204.6444082217178,204.6444082217178,E07000008,Cambridge,0.06356686677979198,0.06356686677979198,39,1.000736210220382,15743.047611377911,6685.87302678112,1.1465748798550173,-0.023806481470923808,FALSE,FALSE
E00048881,Bradford,E00053632,1,1,154.38720610239622,154.38720610239622,E08000026,Coventry,0.06336288212716526,0.06336288212716526,44,1.5964073648506836,25194.677250425506,5397.481751439713,0.09372357162358398,-0.20817168944349196,FALSE,FALSE
E00112660,Bath,E00073051,1,1,57.99509820309484,57.99509820309484,E07000078,Cheltenham,0.06329239069984108,0.06329239069984108,16,0.6194127125549632,9786.527348800533,4455.51190090704,0.1614432477298027,0.20847762982461068,FALSE,FALSE
E00042006,Newcastle,E00175574,1,1,8.076228396233464,8.076228396233464,E08000037,Gateshead,0.06314364549717214,0.06314364549717214,79,1.8207169540374615,28834.52388125107,4751.071903402147,0.1098468378385216,-0.007521639468576533,FALSE,FALSE
E00029267,Bradford,E00054421,1,1,57.796380300267515,57.796380300267515,E08000007,Stockport,0.06308152186934836,0.06308152186934836,31,1.2921580680375833,20483.939349368324,5405.703443652866,0.07091585949632809,-0.13868555933429538,FALSE,FALSE
E00187884,Bristol,E00174295,1,1,297.370616712439,297.370616712439,E07000148,Norwich,0.0627347290153494,0.0627347290153494,41,1.3395305119591465,21352.296136186407,5148.663349147027,1.0417526794212801,0.02676893942005355,FALSE,FALSE
E00069282,Birmingham,E00175678,1,1,53.89696361476356,53.89696361476356,E06000016,Leicester,0.0624930540773907,0.0624930540773907,25,1.175442808132275,18809.1752833302,3968.4410317485776,0.2539111200775784,0.10758552295331555,FALSE,FALSE
E00052773,Birmingham,E00175670,1,1,16.322709804987056,16.322709804987056,E08000031,Wolverhampton,0.06237910549834848,0.06237910549834848,26,1.055911286565781,16927.323310106407,7069.674957292803,0.5682295545409167,0.04313352361025212,FALSE,FALSE
E00186087,Portsmouth,E00086369,1,1,24.942394565597812,24.942394565597812,E06000045,Southampton,0.06232858051832537,0.06232858051832537,28,0.9944169403180755,15954.429445504613,13396.743404969728,0.3776599983100405,-0.04039067226406981,FALSE,FALSE
E00048740,Bradford,E00177839,1,1,156.59205147746854,156.59205147746854,E08000026,Coventry,0.062211013076246366,0.062211013076246366,32,0.9326986938143211,14992.501290265076,6558.3243195212335,1.0184687791458493,-0.016629766609507494,FALSE,FALSE
E00028171,Bradford,E00054217,1,1,31.548610111493346,31.548610111493346,E08000005,Rochdale,0.06211809503202452,0.06211809503202452,19,0.7995844708125346,12872.005659547589,6374.954025809149,0.17669865431031476,-0.0035138389794584337,FALSE,FALSE
E00026525,Bradford,E00054653,1,1,47.3826695755374,47.3826695755374,E08000003,Manchester,0.06202160850864172,0.06202160850864172,26,0.9682948585020379,15612.217770313415,6707.339748243341,0.0955364981934429,0.05084181643502192,FALSE,FALSE
E00187143,Sheffield,E00172460,1,1,45.3877158366807,45.3877158366807,E08000035,Leeds,0.06195257615225925,0.06195257615225925,24,1.0008908610397744,16155.75853665731,5439.644659356276,0.6290141358129369,0.10968599384492203,FALSE,FALSE
E00068798,Birmingham; Bradford,"E00175708, E00177867",2,2,134.1427524899241,95.43190620761081,E06000016,Leicester,0.0616840028239449,0.0616840028239449,40,1.2434528682152297,20158.43348824532,5982.102054128679,0.5932548943803746,-0.0950863660230212,FALSE,FALSE
E00164736,Bristol,E00174324,1,1,87.8595777082692,87.8595777082692,E07000237,Worcester,0.06148942877578138,0.06148942877578138,24,0.8371007283865189,13613.734019858464,5675.772355482661,0.4181097783472393,0.28184252323896347,FALSE,FALSE
E00025787,Bradford,E00054216,1,1,43.64002462561276,43.64002462561276,E08000003,Manchester,0.06145883539703308,0.06145883539703308,36,0.8290073070008328,13488.822260384924,5418.260822040821,0.1809392978002416,-0.015060374493001065,FALSE,FALSE
E00084826,Portsmouth,"E00086054, E00086060, E00086371",3,3,139.46915937823167,138.9147324112189,E06000042,Milton Keynes,0.061418079836186606,0.061418079836186606,54,1.064364515291686,17329.824021371936,4249.563006465447,0,0,FALSE,FALSE
E00058241,Bradford,E00054154,1,1,16.001134689844946,16.001134689844946,E08000035,Leeds,0.06127269345663464,0.06127269345663464,26,1.17229437592728,19132.41135314157,4765.581265113817,0.039448282743334326,-0.693137637515484,FALSE,FALSE
E00168619,Bradford,E00054169,1,1,34.931683596513054,34.931683596513054,E08000004,Oldham,0.061153234112637046,0.061153234112637046,10,0.6871872152838614,11237.13610989312,4774.890555455668,0.05898756423059429,-0.40444429020213735,FALSE,FALSE
E00078953,Portsmouth,E00086057,1,1,207.3396458934536,207.3396458934536,E06000031,Peterborough,0.06089867051289801,0.06089867051289801,32,1.134544835884176,18630.042763312635,5287.471750829144,0.0881410737038592,0.04573985431704802,FALSE,FALSE
E00058001,Bradford,E00176184,1,1,14.836393679244107,14.836393679244107,E08000035,Leeds,0.060692762402762196,0.060692762402762196,17,1.05925147185609,17452.681834232713,5733.797346224632,0.040616889514074876,0.4044442948420624,FALSE,FALSE
E00060990,Portsmouth,E00086017,1,1,419.5712463672472,419.5712463672472,E06000002,Middlesbrough,0.06036994762083271,0.06036994762083271,42,1.2529754375351263,20754.95319964042,8398.218318563562,0.18948176707042927,0.20531517432025292,FALSE,FALSE
E00170230,Newcastle,E00042583,1,1,16.484559971666833,16.484559971666833,E08000024,Sunderland,0.060339564025038504,0.060339564025038504,23,0.8780298921744596,14551.478890535443,4938.716492488112,0.7365130797523101,0.025956377479611274,FALSE,FALSE
E00068968,Bradford,E00177865,1,1,137.5235798501362,137.5235798501362,E06000016,Leicester,0.06028706984745618,0.06028706984745618,15,0.9326599033283373,15470.314043927463,5888.4931859891885,0.894609060625893,0.09362259454337045,FALSE,FALSE
E00068714,Bradford,E00054421,1,1,143.64863078761564,143.64863078761564,E06000016,Leicester,0.06027445725717506,0.06027445725717506,13,0.6723020986436976,11154.01331239141,5591.091406466104,0.07235660887886182,-0.1559681283374207,FALSE,FALSE
E00025852,Birmingham,E00045210,1,1,110.36100040002682,110.36100040002682,E08000003,Manchester,0.060194210980042816,0.060194210980042816,57,1.6417690789320802,27274.534414553636,5947.415775890703,0.39316004198340937,0.015053330241019975,FALSE,FALSE
E00087018,Bradford,E00176104,1,1,320.5451985423995,320.5451985423995,E06000045,Southampton,0.06016595394701138,0.06016595394701138,27,1.4022444260026437,23306.27762068912,5185.656995894735,0.5394915365479754,-0.06490331737828382,FALSE,FALSE
E00169276,Bristol,E00178072,1,1,145.9044492471469,145.9044492471469,E06000062,West Northamptonshire,0.06011869725267397,0.06011869725267397,47,0.9781402073756549,16270.149754985734,4208.341357376087,0.657991047854781,0.013647797748399845,FALSE,FALSE
E00028890,Newcastle,E00175587,1,1,167.71757919922044,167.71757919922044,E08000006,Salford,0.059944035401384245,0.059944035401384245,19,0.8140052941114376,13579.421015967177,4170.556725552497,0,0,FALSE,FALSE
E00052683,Bradford,E00176103,1,1,139.00869925051526,139.00869925051526,E08000031,Wolverhampton,0.05987948675068056,0.05987948675068056,31,0.8123955305561449,13567.175916832846,5344.067181677422,1.2309275006909823,0.028728660302138147,FALSE,FALSE
E00044241,Portsmouth,"E00086366, E00179963",2,2,459.8468564983762,458.948664893745,E08000024,Sunderland,0.05981862836053024,0.05981862836053024,38,1.347137785249258,22520.37236845323,5366.2213393679795,0.4791659079479862,-0.10379899098487666,FALSE,FALSE
E00033641,Portsmouth,E00086057,1,1,317.0976125279208,317.0976125279208,E08000012,Liverpool,0.05974499564840429,0.05974499564840429,29,1.0091831747929505,16891.509721281644,4920.914242427471,0.09173508071911099,0.04573985419078169,FALSE,FALSE
E00057183,Birmingham,E00175675,1,1,151.79816734817038,151.79816734817038,E08000035,Leeds,0.05968686498852819,0.05968686498852819,22,0.9185189280900553,15388.962517408052,2697.4108965338387,0.5212897473932678,0.11932609300476163,FALSE,FALSE
E00027415,Bradford,E00177855,1,1,34.65869372865224,34.65869372865224,E08000004,Oldham,0.05954963116313476,0.05954963116313476,34,1.2079329652070667,20284.47433869009,6146.133785402498,0.3189709289322622,-0.07796052559850361,FALSE,FALSE
E00027804,Bradford,E00176159,1,1,32.14543174201021,32.14543174201021,E08000005,Rochdale,0.05935007791467368,0.05935007791467368,30,0.8109835534421556,13664.405876738512,5728.720364761958,0.06044203953575766,-20.431859957547175,FALSE,FALSE
E00068060,Bath; Bradford,"E00072579, E00177855",2,2,180.03166068198837,140.21481973705176,E06000015,Derby,0.05914303384860337,0.05914303384860337,21,0.7381795167251252,12481.2588852771,8758.427938039102,0.3196742725223442,-0.07378401369849572,FALSE,FALSE
E00072249,Birmingham,E00186225,1,1,56.147948015879955,56.147948015879955,E06000021,Stoke-on-Trent,0.05903086541404505,0.05903086541404505,32,1.012431678186639,17150.886592723982,6826.937012922655,0.5432465339143696,-0.03165217591785979,FALSE,FALSE
E00077723,Bath,E00072768,1,1,81.31967519330422,81.31967519330422,E06000058,"Bournemouth, Christchurch and Poole",0.0589699154061079,0.0589699154061079,19,0.6455926677242471,10947.830996165525,3917.2516767096095,0.07107035487521655,0.04573985412394915,FALSE,FALSE
E00090750,Bristol,E00073471,1,1,207.65397726393675,207.65397726393675,E07000008,Cambridge,0.058757528520159016,0.058757528520159016,29,0.9955992677732866,16944.199200477062,5718.416149595577,0.6910677039154616,0.012983910438533702,FALSE,FALSE
E00113403,Bristol,E00074009,1,1,52.73176749172,52.73176749172,E07000081,Gloucester,0.058731443403710844,0.058731443403710844,25,0.9411264835887462,16024.235555043122,4614.223392011464,0.21251128672667988,0.14474129317172751,FALSE,FALSE
E00136630,Bristol,E00074009,1,1,294.63770075221026,294.63770075221026,E07000148,Norwich,0.05871806854911335,0.05871806854911335,14,1.170603537654418,19936.00209576536,6028.808657149631,0.21083397756897984,0.10470138660979687,FALSE,FALSE
E00086818,Bath,E00072764,1,1,85.36207552700245,85.36207552700245,E06000045,Southampton,0.0586127132904015,0.0586127132904015,32,1.1802010014067663,20135.580408287256,6653.84654806395,0.5506862807482057,0.03705333504356703,FALSE,FALSE
E00064245,Portsmouth,E00174441,1,1,359.69868996200324,359.69868996200324,E06000009,Blackpool,0.05861007329654743,0.05861007329654743,20,1.018887948042429,17384.178021535576,6415.279470775704,0.41719651392156687,0.09841271778979899,FALSE,FALSE
E00048653,Bradford,E00054417,1,1,161.84368859194052,161.84368859194052,E08000026,Coventry,0.058437952950498785,0.058437952950498785,29,1.0322198667232694,17663.51856297285,5561.454219234865,0.04843929245299503,-0.04573985412397108,FALSE,FALSE
E00053060,Bradford,"E00053567, E00054158",2,2,135.5701607495892,135.451700734668,E08000031,Wolverhampton,0.05840942769183824,0.05840942769183824,13,0.9136222468482483,15641.69146919945,6403.075920777433,0.4378177100873941,0.049672503959494345,FALSE,FALSE
E00184791,Newcastle,E00175585,1,1,469.91580641534335,469.91580641534335,E07000229,Worthing,0.05838680754855089,0.05838680754855089,50,1.1705103811616464,20047.51467509714,4709.968082624261,1.1039056302240156,0.03681184392315223,FALSE,FALSE
E00026281,Bradford,E00177808,1,1,48.8593330424611,48.8593330424611,E08000003,Manchester,0.058030313869282146,0.058030313869282146,24,0.8625457387025772,14863.70969223998,4601.043527033794,0.2771737071701397,-0.07370928797468189,FALSE,FALSE
E00078934,Portsmouth,E00179961,1,1,208.43803230791033,208.43803230791033,E06000031,Peterborough,0.058011954093901676,0.058011954093901676,17,0.8922303547945694,15380.112060185926,6343.520154558711,0.613853806986991,0.021479188058276536,FALSE,FALSE
E00171194,Bristol,"E00174262, E00174316",2,2,179.65262541941038,179.52664552064113,E06000015,Derby,0.05799761373306997,0.05799761373306997,28,0.8878970732495471,15309.200087714511,4413.97470554948,0.8123469732367066,-0.01407284687537794,FALSE,FALSE
E00041654,Bradford,E00054215,1,1,131.40751504354182,131.40751504354182,E08000037,Gateshead,0.05795470355494693,0.05795470355494693,66,1.394021435287913,24053.63757863483,3002.344750759192,0.14140779690327135,-0.06636458808297417,FALSE,FALSE
E00177122,Newcastle,"E00189974, E00189983",2,2,353.1395487190707,353.10961207305,E06000032,Luton,0.057920986624543966,0.057920986624543966,59,1.6428288888719098,28363.275292961993,9599.283997078797,1.3668197675424956,-0.048171830101633006,FALSE,FALSE
E00175512,Bradford,E00053867,1,1,15.501340875285273,15.501340875285273,E08000034,Kirklees,0.05779925021639734,0.05779925021639734,48,1.2256869009558868,21205.930809949605,4308.014361220209,0.3067802223445097,-0.2201340873832878,FALSE,FALSE
E00044963,Sheffield,"E00040908, E00172413, E00172445, E00172513",4,4,171.2459186846663,170.67009342716423,E08000024,Sunderland,0.05779227993840259,0.05779227993840259,19,0.7953928805184544,13762.96075126673,6904.036325012108,0,0,FALSE,FALSE
E00161013,Bradford,E00176104,1,1,315.4312156881583,315.4312156881583,E07000226,Crawley,0.057753623599061624,0.057753623599061624,21,0.9222990061621962,15969.543531415431,5125.219536957494,0.5413472167530402,-0.06822837736512172,FALSE,FALSE
E00172744,Newcastle,E00042822,1,1,472.4087035696798,472.4087035696798,E06000058,"Bournemouth, Christchurch and Poole",0.057650307094144516,0.057650307094144516,51,1.2731385450456654,22083.812024914205,4180.3766909071355,0.41503691963159217,-0.06815722739010706,FALSE,TRUE
E00076032,Birmingham,E00046358,1,1,280.2167285240926,280.2167285240926,E06000026,Plymouth,0.05762152751408145,0.05762152751408145,21,0.8432822034174184,14634.84638117826,3904.790617447878,0.4714945938485428,-0.017649511711978823,FALSE,FALSE
E00024671,Portsmouth,E00174470,1,1,320.3181586541376,320.3181586541376,E08000001,Bolton,0.05761412700885953,0.05761412700885953,20,1.085931515034282,18848.35493328389,7914.7254965761995,0.1286559033104306,0.11410202603689895,FALSE,FALSE
E00172058,Newcastle,E00190011,1,1,539.2379887674904,539.2379887674904,E06000026,Plymouth,0.05761261212158314,0.05761261212158314,46,1.2837303694686988,22282.106681078276,10935.105644411253,0.5046939882462581,-0.04280257305236483,FALSE,TRUE
E00059090,Bradford,E00176149,1,1,21.53969321006314,21.53969321006314,E08000035,Leeds,0.05751518131951409,0.05751518131951409,31,1.3218191720102073,22982.09171361393,6867.751973268701,0.10076832203714732,-0.03915748832518171,FALSE,FALSE
E00185010,Birmingham,E00046358,1,1,146.75270683203084,146.75270683203084,E07000084,Basingstoke and Deane,0.05742980863899301,0.05742980863899301,43,1.1187653339494943,19480.568723154134,3465.099479103703,0.47086818299983324,-0.019446228568635295,FALSE,FALSE
E00084833,Birmingham,E00175748,1,1,88.41927700580311,88.41927700580311,E06000042,Milton Keynes,0.05737270864004921,0.05737270864004921,21,0.555323367740154,9679.225208351218,5316.1164468203915,0.41807352884281057,-0.08279631832525555,FALSE,FALSE
E00026483,Bradford,E00054416,1,1,44.240948242517746,44.240948242517746,E08000003,Manchester,0.057359350529612045,0.057359350529612045,16,0.8869091305088082,15462.32867561736,4933.807607425748,0.04910142257191196,-0.20847762826021735,FALSE,FALSE
E00187047,Bristol,E00178060,1,1,271.40751082120494,271.40751082120494,E08000035,Leeds,0.05731953648059256,0.05731953648059256,42,0.9837930594916945,17163.311497202885,16102.712210740092,0.43468948664971785,-0.07012694593702627,FALSE,FALSE
E00169457,Newcastle,E00175551,1,1,262.18226860579693,262.18226860579693,E06000016,Leicester,0.057289481875435914,0.057289481875435914,36,1.233526576080412,21531.46678412033,5044.556008175646,1.268283578430186,0.011727280679890173,FALSE,FALSE
E00050853,Bradford,E00176131,1,1,144.96743317256795,144.96743317256795,E08000028,Sandwell,0.057212128457272075,0.057212128457272075,53,1.237045281910524,21622.081108805287,7078.91859507495,0.48500811471782207,0.04314538596188139,FALSE,FALSE
E00081230,Bradford,E00176151,1,1,312.66468690504354,312.66468690504354,E06000035,Medway,0.0572006367414007,0.0572006367414007,19,0.8740214611222837,15279.925380440463,5594.343319055927,0.5677926939720399,-0.05085176026444304,FALSE,FALSE
E00090802,Portsmouth,E00174464,1,1,176.98318123646993,176.98318123646993,E07000008,Cambridge,0.057197375868262255,0.057197375868262255,22,0.9023323988500004,15775.76567373063,2762.364489656093,0.9880089655832042,-0.0016374679567020402,FALSE,FALSE
E00086676,Portsmouth,"E00086055, E00086369",2,2,21.116871297561897,20.675020661786427,E06000045,Southampton,0.05708735455298191,0.05708735455298191,17,0.775628881090599,13586.702119306468,6113.437953690749,0.37071724249836613,-0.059874201717847096,FALSE,FALSE
E00070536,Newcastle,E00189964,1,1,227.35647049722556,227.35647049722556,E06000018,Nottingham,0.0570858007505274,0.0570858007505274,38,1.0945805763534233,19174.305378265377,4747.2400568454195,0.8582077192795804,-0.03479155006159862,FALSE,FALSE
E00024584,Bradford,E00053838,1,1,50.32210972556252,50.32210972556252,E08000001,Bolton,0.057085627248422595,0.057085627248422595,27,1.0893515570883212,19082.76407908652,6411.42118675964,0.2843205189221467,-0.027111072768369545,FALSE,FALSE
E00041944,Bradford,E00053580,1,1,130.92037280904887,130.92037280904887,E08000037,Gateshead,0.05684203672172315,0.05684203672172315,19,1.2822504114162763,22558.13629081736,6069.451763120099,0.07798788685085904,0.2818425231898158,FALSE,FALSE
E00069248,Portsmouth,E00086017,1,1,205.6962522520752,205.6962522520752,E06000016,Leicester,0.05671682317153845,0.05671682317153845,24,0.8483939167857198,14958.417438504554,6206.271443225686,0.17106204692018698,0.19152523734256865,FALSE,FALSE
E00041948,Bradford,E00054172,1,1,128.4232509819866,128.4232509819866,E08000037,Gateshead,0.05651313861426864,0.05651313861426864,23,1.0162129955396402,17981.889175821907,4122.935050384395,0.04891149809947607,-0.4044442993340224,FALSE,FALSE
E00029283,Bradford,E00053630,1,1,54.51336677380393,54.51336677380393,E08000007,Stockport,0.05639401463402714,0.05639401463402714,34,0.861143144567378,15270.115989362097,4362.165055927194,0.1686699835170497,-0.5554429476718526,FALSE,FALSE
E00185122,Bradford,E00176129,1,1,153.04437798310187,153.04437798310187,E08000026,Coventry,0.0562387856607642,0.0562387856607642,26,0.529644921541537,9417.787303168094,3467.357940056742,0.469704305435297,-0.3209046212775159,FALSE,FALSE
E00028392,Birmingham; Portsmouth,"E00086028, E00186119",2,2,309.00077721648955,211.5588291229098,E08000006,Salford,0.05591821174706076,0.05591821174706076,32,0.988757976206936,17682.21739063228,7707.685681179794,0.2891799680816514,0.03539512248033188,FALSE,FALSE
E00041611,Bradford,E00177808,1,1,124.70164538192937,124.70164538192937,E08000037,Gateshead,0.05575503744452167,0.05575503744452167,52,1.4669170584386195,26310.036288617983,3640.926619446584,0.27149864929917217,-0.09925861402845287,FALSE,FALSE
E00070245,Bristol,E00174284,1,1,193.18415631126373,193.18415631126373,E06000018,Nottingham,0.05567669431889034,0.05567669431889034,31,0.9750790976474616,17513.23618573078,10668.736843423982,0.8659128290587842,0.027011800044056122,FALSE,FALSE
E00070011,Portsmouth,E00086033,1,1,245.35408827557208,245.35408827557208,E06000018,Nottingham,0.05567619934951223,0.05567619934951223,32,0.8033615634851009,14429.173917600376,5011.1179150098415,0.5897749177152252,-0.009347931337522191,FALSE,FALSE
E00053177,Bradford,E00053593,1,1,140.323219335364,140.323219335364,E08000031,Wolverhampton,0.05559633101959713,0.05559633101959713,12,0.5377009293244515,9671.518236246875,5557.920717665356,0.18597698933798848,-0.24149101318938565,FALSE,FALSE
E00180926,Bradford,E00054587,1,1,50.780736698018416,50.780736698018416,E08000003,Manchester,0.05551720014777866,0.05551720014777866,45,1.251514469271483,22542.823952579285,8285.72043935118,0.3130407275499224,-0.4247804634457727,FALSE,FALSE
E00069125,Birmingham,E00186238,1,1,59.322942590930936,59.322942590930936,E06000016,Leicester,0.055474748481507415,0.055474748481507415,40,1.2119604813560518,21847.06581878529,6687.727482417939,0.8943220646825488,-0.01641165592818678,FALSE,FALSE
E00026784,Birmingham,E00175669,1,1,110.39536579960145,110.39536579960145,E08000003,Manchester,0.05544303642929322,0.05544303642929322,10,0.7250880990713822,13078.073384312034,8982.192031186854,0.12299470935216712,0.015060374495142843,FALSE,FALSE
E00033857,Bath,E00072577,1,1,222.33739154870523,222.33739154870523,E08000012,Liverpool,0.05526228800331836,0.05526228800331836,24,0.8850004937516496,16014.546732095268,4795.313577752832,0.5351025263189209,0.021278678921199473,FALSE,FALSE
E00067647,Portsmouth,E00086036,1,1,350.46440470420276,350.46440470420276,E06000014,York,0.05524824735812488,0.05524824735812488,18,0.8452253213371685,15298.681166450951,5176.634801573311,0.880463447099138,-0.009294322463496553,FALSE,FALSE
E00028174,Bradford,"E00054427, E00177833",2,2,33.27182981885445,32.59699508388201,E08000005,Rochdale,0.05522665316885078,0.05522665316885078,42,0.983648442803865,17811.11811712442,4526.799754380305,0.24400841759667036,0.17889048354474488,FALSE,FALSE
E00083307,Newcastle,E00175576,1,1,388.85143685516715,388.85143685516715,E06000039,Slough,0.05518621086639125,0.05518621086639125,33,1.0944929494696776,19832.725100831856,5617.345259498365,1.0169626954100692,-0.09483507048100566,FALSE,FALSE
E00057597,Bristol,E00174296,1,1,272.3660499853778,272.3660499853778,E08000035,Leeds,0.05514263792611484,0.05514263792611484,45,1.4044350479992787,25469.130618688745,10010.402489986427,1.453281875091064,-0.016398169070894815,FALSE,FALSE
E00052859,Bradford,E00053598,1,1,139.15900008127178,139.15900008127178,E08000031,Wolverhampton,0.054944357486927414,0.054944357486927414,9,0.8073117549650811,14693.26045276187,4859.4616847330635,0.06193394273339011,0.40444429941526844,FALSE,FALSE
E00164808,Bath,E00072573,1,1,91.38359882064842,91.38359882064842,E07000237,Worcester,0.054770075950122614,0.054770075950122614,12,0.887835756919832,16210.234174740894,7540.613972785178,0.2815836127926688,0.07820968008128776,FALSE,FALSE
E00162072,Bath,E00073137,1,1,150.44989112284645,150.44989112284645,E07000229,Worthing,0.05467131235549305,0.05467131235549305,6,0.41260406359353047,7546.993950147502,5139.807110771995,0.6059077504536723,0.2084776298195634,FALSE,FALSE
E00078879,Portsmouth,E00086058,1,1,205.67975067225672,205.67975067225672,E06000031,Peterborough,0.05456575080293964,0.05456575080293964,26,0.693879266642152,12716.388145158087,5589.586792299184,0.14271070596935523,-20.90145910166953,FALSE,FALSE
E00081222,Portsmouth,E00179944,1,1,129.24455472624282,129.24455472624282,E06000035,Medway,0.05435672708507214,0.05435672708507214,20,0.7436247551618236,13680.454932431787,6714.9002446146005,0.5363773828551491,-0.05320470814886332,FALSE,FALSE
E00180804,Bradford,E00054579,1,1,48.67818722070196,48.67818722070196,E08000003,Manchester,0.05427736456847451,0.05427736456847451,11,0.588188404244578,10836.716353509373,3795.320602571211,0.08500677612680242,0.40444429941526877,FALSE,FALSE
E00169796,Birmingham,E00175643,1,1,148.88884361127006,148.88884361127006,E08000035,Leeds,0.054271421674607086,0.054271421674607086,31,1.1159049340636962,20561.557070575396,2800.73739198026,0.6908998037963621,0.07085743540891953,FALSE,FALSE
E00064844,Portsmouth,E00086038,1,1,331.43559103871326,331.43559103871326,E06000010,"Kingston upon Hull, City of",0.054218223146791394,0.054218223146791394,36,0.939812140424684,17333.879383693922,5496.307010895385,1.6420031553355625,-0.03975589277120193,FALSE,FALSE
E00172752,Newcastle; Portsmouth,"E00042826, E00086055",2,2,472.88809020164643,264.4411331595955,E06000058,"Bournemouth, Christchurch and Poole",0.0541902185891422,0.0541902185891422,49,1.4186919893824796,26179.85360307691,24137.19734029781,0.36269676846767324,-0.07460719944116412,FALSE,TRUE
E00069099,Bradford,E00054407,1,1,141.96577097591518,141.96577097591518,E06000016,Leicester,0.05412102785112499,0.05412102785112499,8,0.5417856880449576,10010.631903283333,6115.922279054049,0.2741194595521989,0.06684635192113125,FALSE,FALSE
E00068806,Bradford,E00176109,1,1,133.82514584717327,133.82514584717327,E06000016,Leicester,0.054008846530147654,0.054008846530147654,24,0.8595524267248762,15915.03025796108,5628.707508691334,0.23025820630176586,-0.17988303309311746,FALSE,FALSE
E00168423,Portsmouth,E00086031,1,1,317.1793502598504,317.1793502598504,E08000015,Wirral,0.05393353748533135,0.05393353748533135,31,1.142715112073621,21187.46823132847,7064.250144979328,0.11744965878367876,-0.15394147502368863,FALSE,FALSE
E00185101,Bradford,E00177812,1,1,154.35486456475002,154.35486456475002,E08000026,Coventry,0.05389144046285143,0.05389144046285143,31,0.9797513279672547,18180.091672305905,6401.7587401067185,0.10043466866654634,-0.4044443007362796,FALSE,FALSE
E00081593,Bradford,E00053571,1,1,301.9498131449044,301.9498131449044,E06000035,Medway,0.053803091266463744,0.053803091266463744,15,0.7464956447713715,13874.586519096036,6282.166917250726,0.06697962720909571,0.07820968004028757,FALSE,FALSE
E00026768,Bradford,E00054139,1,1,47.118979719123075,47.118979719123075,E08000003,Manchester,0.053775255266723394,0.053775255266723394,25,0.8649362484045399,16084.27973264815,7345.385866432688,0.630830308021504,-0.013065416007584664,FALSE,FALSE
E00081366,Bradford,E00176184,1,1,313.5583839255186,313.5583839255186,E06000035,Medway,0.053691414163381794,0.053691414163381794,20,1.1779716716878372,21939.66558793358,6071.734281536879,0.04244584246101464,0.40444429941526844,FALSE,FALSE
E00058813,Sheffield,E00172411,1,1,47.60701267631218,47.60701267631218,E08000035,Leeds,0.05351937598905229,0.05351937598905229,29,0.954896048052468,17842.062438242883,6446.263500354933,0.43701406121755226,-0.03905925741101213,FALSE,FALSE
E00136293,Portsmouth,E00086022,1,1,263.16112975606035,263.16112975606035,E07000148,Norwich,0.053384034412759705,0.053384034412759705,26,1.041959617608793,19518.1879577042,7343.019393571821,0.23858218283977203,0.07335039425524285,FALSE,FALSE
E00136611,Portsmouth,E00174453,1,1,261.02286426745997,261.02286426745997,E07000148,Norwich,0.05334219287607796,0.05334219287607796,49,1.1772187500982598,22069.18551011051,4649.227686910844,0.29196018154766223,-0.07457847826674026,FALSE,FALSE
E00068707,Birmingham,E00175608,1,1,52.79990022034868,52.79990022034868,E06000016,Leicester,0.053183623932410405,0.053183623932410405,28,1.2160833841716525,22865.74878231576,7182.66210075254,0.6913095030672132,-0.07095197110740892,FALSE,FALSE
E00067609,Bradford,E00054416,1,1,46.55218824492525,46.55218824492525,E06000014,York,0.05316046615614919,0.05316046615614919,41,0.9401814818141202,17685.726815346356,5869.023027065956,0.04908999048879888,-0.20847762896063393,FALSE,FALSE
E00037046,Bradford,E00054644,1,1,92.96916885020302,92.96916885020302,E08000015,Wirral,0.05313472082391521,0.05313472082391521,21,0.8713100597035097,16398.130002244125,5062.6030555697735,0.05424877111608724,0.1559681283355606,FALSE,FALSE
E00138519,Bradford,E00054212,1,1,177.53068112711225,177.53068112711225,E06000062,West Northamptonshire,0.0531327749803107,0.0531327749803107,26,0.8256915327806914,15540.154510782962,9975.010719775148,0.060555301846943244,-0.01506037449301023,FALSE,FALSE
E00172259,Bristol,E00178047,1,1,87.11937218106347,87.11937218106347,E07000237,Worcester,0.05299272612312273,0.05299272612312273,45,0.9457884838500282,17847.51517883027,5038.42733773792,0.31719565750979306,3.0340732051148667e-15,FALSE,FALSE
E00052617,Bradford,E00054589,1,1,139.034544985374,139.034544985374,E08000031,Wolverhampton,0.052988719297514066,0.052988719297514066,13,0.8820190967369123,16645.41261668673,7850.727579662723,0.056688115013584506,0.6931376400107768,FALSE,FALSE
E00175998,Birmingham,E00186249,1,1,114.88384156538119,114.88384156538119,E08000003,Manchester,0.05295849145956388,0.05295849145956388,30,0.9254685773929824,17475.35762229213,3115.647660129909,0.2890578962211543,-0.09505549906044372,FALSE,FALSE
E00052931,Bradford,"E00054212, E00176168",2,2,134.58240385962782,133.2483122689892,E08000031,Wolverhampton,0.0528844208857505,0.0528844208857505,13,0.8247480238738499,15595.292716840073,6485.842035426732,0.06062457690428828,-0.015060374493010228,FALSE,FALSE
E00063945,Portsmouth,E00086016,1,1,362.36491529515985,362.36491529515985,E06000009,Blackpool,0.05280640242247633,0.05280640242247633,63,1.8486732249646871,35008.505411416256,6343.927717700606,0.3574801598657998,0.019812013230280433,FALSE,FALSE
E00067355,Portsmouth,E00086023,1,1,352.17851919251865,352.17851919251865,E06000014,York,0.05278213792564993,0.05278213792564993,15,0.6130896855000106,11615.476553140423,5797.41579302904,0.22171470702388393,0.12458344672531811,FALSE,FALSE
E00067658,Birmingham,E00175660,1,1,174.371122448514,174.371122448514,E06000014,York,0.05265702300793893,0.05265702300793893,9,0.6705183194626132,12733.692129946681,6399.90604765468,0.20603985900150068,0.17191259390962824,FALSE,FALSE
E00029564,Bradford,E00054418,1,1,55.31449953895025,55.31449953895025,E08000007,Stockport,0.052574606517979176,0.052574606517979176,24,0.9522756231028819,18112.8435602695,5630.094443004068,0.046099573416526686,0.4044442959018622,FALSE,FALSE
E00112523,Bath,E00072581,1,1,60.968213364422134,60.968213364422134,E07000078,Cheltenham,0.052459478110043214,0.052459478110043214,13,0.8600770855086672,16395.075141702713,3850.591109127479,0.11532861608716864,-0.013091446075735879,FALSE,FALSE
E00051580,Bradford,E00054417,1,1,157.98493949021983,157.98493949021983,E08000029,Solihull,0.052442280249092726,0.052442280249092726,25,1.0182661967784785,19416.894001211836,6082.878137350232,0.049103073595280496,-0.04573985412397113,FALSE,FALSE
E00067474,Birmingham,E00046386,1,1,174.5016111399385,174.5016111399385,E06000014,York,0.05241501477009454,0.05241501477009454,40,1.0781225043926925,20568.963094289094,3796.622034217946,0.37906452961967313,-0.05329021405646175,FALSE,FALSE
E00176758,Newcastle,E00175574,1,1,195.7111693217543,195.7111693217543,E08000012,Liverpool,0.052391835700598195,0.052391835700598195,41,1.3368692856693667,25516.74832142029,10650.51438908885,0.11081786498357782,0.0269722480659369,FALSE,FALSE
E00068936,Bradford,E00054597,1,1,135.28145051895348,135.28145051895348,E06000016,Leicester,0.05230961729901261,0.05230961729901261,24,0.9429765737876313,18026.8299115511,11489.283061746743,1.9369770689673074,-0.016696618932703907,FALSE,FALSE
E00079452,Bradford,E00054137,1,1,227.11499492238488,227.11499492238488,E06000032,Luton,0.05228791000622767,0.05228791000622767,17,1.4788738694106087,28283.2851654325,8070.699325135358,0.43939920329985815,0.15260290286471057,FALSE,FALSE
E00173156,Sheffield,E00172508,1,1,74.75317168418874,74.75317168418874,E06000007,Warrington,0.05205630649096833,0.05205630649096833,47,1.4150166031693723,27182.42415863436,4668.022308539313,0.542200351770831,0.0475362067605597,FALSE,FALSE
E00065161,Birmingham,E00175645,1,1,176.8701647481014,176.8701647481014,E06000010,"Kingston upon Hull, City of",0.052035390954272315,0.052035390954272315,21,0.9347954430475921,17964.608815355536,7533.334386676982,0.4813887394796486,0.16648351720412724,FALSE,FALSE
E00044821,Bradford,E00054581,1,1,120.8583838246213,120.8583838246213,E08000024,Sunderland,0.05201457774181769,0.05201457774181769,25,1.0104658421673627,19426.58935314181,5229.303241681853,0.24050243942808,-0.06846161104247024,FALSE,FALSE
E00090737,Portsmouth,E00086042,1,1,176.57626940224202,176.57626940224202,E07000008,Cambridge,0.051985496548336466,0.051985496548336466,28,0.9826954511406989,18903.26180162542,5751.604194488895,0.5074527407460259,-0.017366928434238916,FALSE,FALSE
E00072042,Portsmouth,"E00086366, E00179963",2,2,261.0358165390414,260.21738864012286,E06000021,Stoke-on-Trent,0.05179914954291326,0.05179914954291326,28,0.8382661511996833,16183.009925775279,4768.4180566588575,0.4771754166949729,-0.09115901166575155,FALSE,FALSE
E00068044,Bristol,E00178056,1,1,179.09812080835374,179.09812080835374,E06000015,Derby,0.05173661187236942,0.05173661187236942,18,0.8479033631659255,16388.84597347896,8079.38488572032,0.7359417677859694,-0.026723374391357236,FALSE,FALSE
E00048579,Bradford,E00054134,1,1,149.1872430276268,149.1872430276268,E08000026,Coventry,0.05160064850627981,0.05160064850627981,8,0.7652999755160842,14831.208476438955,6298.370454790843,0.1960015742831387,0.25397222308777717,FALSE,FALSE
E00068776,Birmingham,E00175778,1,1,54.906205125232006,54.906205125232006,E06000016,Leicester,0.051568288000101804,0.051568288000101804,40,0.8596578291261152,16670.28056321005,5177.600621519041,0.16776849475867664,0.30608817627551277,FALSE,FALSE
E00078756,Bradford,E00176128,1,1,247.37145315069154,247.37145315069154,E06000030,Swindon,0.0515489926073004,0.0515489926073004,34,1.1703090749075764,22702.850544975277,6052.494611811568,0.6854693492514817,0.026249874036176755,FALSE,FALSE
E00172171,Birmingham,E00186280,1,1,26.021530235192866,26.021530235192866,E08000026,Coventry,0.05154127513305383,0.05154127513305383,46,1.6369744800676318,31760.457533147583,5801.175838745381,0.3359856898790974,0.01506037449300114,FALSE,FALSE
E00026872,Bath,E00072638,1,1,228.6759791906392,228.6759791906392,E08000003,Manchester,0.05139126605486911,0.05139126605486911,6,0.5192249527686098,10103.369553383778,8230.970600108858,0.18660023845806473,0.15596812887443728,FALSE,FALSE
E00078755,Sheffield,E00185217,1,1,203.9474265611047,203.9474265611047,E06000030,Swindon,0.05138233089843753,0.05138233089843753,20,1.1129527547662097,21660.223179950233,6870.065912302439,0.807414776729463,-0.01002332172586365,FALSE,FALSE
E00082956,Bradford,E00054588,1,1,267.4959146697684,267.4959146697684,E06000038,Reading,0.05133956964592873,0.05133956964592873,27,0.8753641725800327,17050.47741181153,6310.92161922112,0.1634319800618983,0.045610369768417085,FALSE,FALSE
E00181758,Bradford,E00053623,1,1,39.398598333561274,39.398598333561274,E08000004,Oldham,0.051326891193173824,0.051326891193173824,68,1.820742832396467,35473.46800225873,6468.34422039093,0.3475169522799588,-0.06357922178235256,FALSE,FALSE
E00078424,Portsmouth,E00086033,1,1,99.45049731277831,99.45049731277831,E06000030,Swindon,0.051311001042207705,0.051311001042207705,26,1.12722642276159,21968.513571472708,6665.23733806471,0.5839944723680683,-0.02235791415820542,FALSE,FALSE
E00076068,Portsmouth,E00086370,1,1,219.876486225944,219.876486225944,E06000026,Plymouth,0.051285646201855155,0.051285646201855155,15,0.7329140116399461,14290.821427018198,6883.017494029956,0.4049288119569969,-0.13969469794935022,FALSE,FALSE
E00033935,Sheffield,E00172407,1,1,98.20925445340136,98.20925445340136,E08000012,Liverpool,0.05123620844424184,0.051236208444213435,45,1.409784073592557,27515.38641128578,6343.170384156811,0.3371651084046617,-0.043834259268172096,FALSE,FALSE
E00044154,Bradford,E00054180,1,1,128.7487675883781,128.7487675883781,E08000024,Sunderland,0.05111808360270597,0.05111808360270597,31,0.9355115099786162,18300.989474673777,4714.574237036588,0.10689339354283925,0.07820968004021196,FALSE,FALSE
E00052808,Bradford,E00054422,1,1,137.62333165291798,137.62333165291798,E08000031,Wolverhampton,0.05101074204759952,0.05101074204759952,22,0.7604028308942238,14906.719651023133,4391.23194465549,0.5260369684968232,0.011287795990268175,FALSE,FALSE
E00063802,Newcastle,E00189964,1,1,147.28805882308006,147.28805882308006,E06000008,Blackburn with Darwen,0.050999692247923466,0.050999692247923466,47,1.2349796891433316,24215.43414693087,6627.490973021748,0.8534484488009049,-0.036450545356214545,FALSE,FALSE
E00080146,Bristol,E00073469,1,1,230.16184951150592,230.16184951150592,E06000033,Southend-on-Sea,0.05086931984583655,0.05086931984583655,31,1.4072820591941937,27664.652554016287,6644.47649436508,0.27505431300789873,-0.06759304257194335,FALSE,FALSE
E00109591,Bradford,E00054642,1,1,272.2735298022406,272.2735298022406,E07000070,Chelmsford,0.05082326572448268,0.05082326572448268,31,1.0503722093114425,20667.153012275932,8913.240688934713,0.04760217335983864,-0.15596812833868565,FALSE,FALSE
E00109857,Bath,E00072756,1,1,201.69665302052707,201.69665302052707,E07000070,Chelmsford,0.05066557617256351,0.05066557617256351,8,0.6930301811906595,13678.52166193168,7125.153354033881,0.1382724773044726,0.009829023014104958,FALSE,FALSE
E00052623,Portsmouth,E00086032,1,1,208.20707837879561,208.20707837879561,E08000031,Wolverhampton,0.05043905803490616,0.05043905803490616,14,0.6765119123232856,13412.461268707833,6403.767488609106,0.44345117142096774,-0.05098995818801872,FALSE,FALSE
E00065142,Bradford,E00177827,1,1,90.5273064781456,90.5273064781456,E06000010,"Kingston upon Hull, City of",0.05040229518660967,0.05040229518660967,23,0.7448350228975347,14777.799704157407,4583.124620510725,0.26851583753670183,0.045739854127514065,FALSE,FALSE
E00039491,Birmingham,E00046374,1,1,119.49758086721224,119.49758086721224,E08000018,Rotherham,0.05040135355820076,0.05040135355820076,20,0.648907447962836,12874.802007321345,3730.0585545367894,0.3330806275664424,-0.3309180855561157,FALSE,FALSE
E00090679,Portsmouth,E00086012,1,1,179.6911754269781,179.6911754269781,E07000008,Cambridge,0.050265206432424485,0.050265206432424485,15,0.43864292472078054,8726.571635799071,5928.5541858984525,0.11398793228416405,0.6931376400107783,FALSE,FALSE
E00173549,Bradford; Portsmouth,"E00054163, E00086049",2,2,239.5812154143956,169.5756007368598,E06000018,Nottingham,0.05016793906519981,0.05016793906519981,43,1.239324574824994,24703.517782827977,10664.18134706904,0.2991536741312127,-0.017702733888705642,FALSE,FALSE
E00056268,Bradford,E00176144,1,1,21.217976394660035,21.217976394660035,E08000034,Kirklees,0.05010261992197111,0.05010261992197111,27,0.8356188281715126,16678.146361864703,4510.742159830528,0.16822562544168426,0.281842523427399,FALSE,FALSE
E00048260,Bradford,E00053563,1,1,155.95537742483197,155.95537742483197,E08000026,Coventry,0.05006533385800061,0.05006533385800061,19,0.986393814560044,19702.1319653582,6571.413284352336,0.10137938673571516,-0.11410202786318425,FALSE,FALSE
E00121187,Bradford,E00177860,1,1,257.1263969400196,257.1263969400196,E07000103,Watford,0.05001710718017341,0.05001710718017341,12,0.7970613115324844,15935.773907540908,9476.757588009645,0.1881912944834818,0.04573985412394173,FALSE,FALSE
E00080384,Bristol,E00074010,1,1,228.51285409441033,228.51285409441033,E06000033,Southend-on-Sea,0.049970620051987526,0.049970620051987526,18,0.5877455138883942,11761.821511858894,7904.64476104273,0.4035445518432964,0.13148778817194995,FALSE,FALSE
E00068678,Bradford,E00176161,1,1,131.9789090767279,131.9789090767279,E06000016,Leicester,0.04992324239563757,0.04992324239563757,24,1.0290437705560538,20612.518762322503,6790.424334089781,0.04714279546513951,0.07820968004026403,FALSE,FALSE
E00044841,Bristol,E00178043,1,1,392.30209589325284,392.30209589325284,E08000024,Sunderland,0.04989373903041915,0.04989373903041915,47,1.58220627327422,31711.519401454007,3707.8800586023312,0.1264057685639937,0.05363532291578128,FALSE,FALSE
E00082711,Bradford,E00054420,1,1,273.30047274776325,273.30047274776325,E06000038,Reading,0.04980974277369367,0.04980974277369367,21,0.7983365239363068,16027.718263141427,7869.9462830197435,0.18464832258101826,-0.04684186100218447,FALSE,FALSE
E00189339,Portsmouth,E00086042,1,1,109.18839675463708,109.18839675463708,E07000103,Watford,0.04969472691552062,0.04969472691552062,40,1.0480969689230637,21090.707887474535,5131.329133440888,0.5224258978275831,-0.0112721365346981,FALSE,FALSE
E00172202,Newcastle,E00042822,1,1,285.26211489922116,285.26211489922116,E08000026,Coventry,0.04957665118996112,0.04957665118996112,27,0.8334776496080436,16811.89894037894,17689.778937258787,0.41992727719164774,-0.01506037449300172,FALSE,FALSE
E00152739,Portsmouth,E00086037,1,1,208.00867683649602,208.00867683649602,E07000202,Ipswich,0.049570403695145156,0.049570403695145156,31,1.041736053908183,21015.28283519323,6536.158188111186,0.9551248574600036,0.09746206018251258,FALSE,FALSE
E00108034,Bradford,E00054398,1,1,294.104040435106,294.104040435106,E07000066,Basildon,0.049567465036833194,0.049567465036833194,15,0.46461546214529215,9373.3956699226,5366.423314210995,0.10761587608198081,-0.1141020260367785,FALSE,FALSE
E00138220,Portsmouth,E00086022,1,1,162.44254557223374,162.44254557223374,E06000062,West Northamptonshire,0.04955961537382418,0.04955961537382418,24,1.1950121317044624,24112.61916967237,7142.912577706799,0.24161260989725716,0.07772831869016025,FALSE,FALSE
E00079607,Bradford,E00054574,1,1,229.32259866497284,229.32259866497284,E06000032,Luton,0.04952262924296176,0.04952262924296176,16,0.7192084984238678,14522.825411699701,5815.523214388522,0.06931786833616972,-20.44454186694499,FALSE,FALSE
E00083356,Bradford,E00054393,1,1,269.900140996036,269.900140996036,E06000039,Slough,0.04949676690420229,0.04949676690420229,14,0.7723439223610095,15603.926693956193,7798.489156818615,0.4309802801094769,-0.026234289960420994,FALSE,FALSE
E00187585,Bristol; Newcastle; Portsmouth,"E00086039, E00174231, E00175553",3,3,239.48310093270612,219.8764084104999,E06000018,Nottingham,0.04948871260107658,0.04948871260107658,30,1.089867054224168,22022.538007999403,12346.249637269979,1.1379392515749087,0.014448291504889526,FALSE,FALSE
E00055531,Bradford,E00054590,1,1,12.448470813965091,12.448470813965091,E08000034,Kirklees,0.04943371863054899,0.04943371863054899,25,1.0401797069123373,21041.906935755553,7140.8748882155405,0.32317684892917314,0.0016934515754265177,FALSE,FALSE
E00077687,Bradford,E00054129,1,1,339.935908847245,339.935908847245,E06000058,"Bournemouth, Christchurch and Poole",0.049374235380494964,0.049374235380494964,17,0.8325062205447877,16861.146590508317,6420.352589910267,0.11433428081499748,0.06122561483849371,FALSE,FALSE
E00085211,Bradford,E00054643,1,1,344.11378367886147,344.11378367886147,E06000043,Brighton and Hove,0.049123316569819116,0.049123316569819116,24,0.8075166744569853,16438.56178377654,6310.648825174418,0.49534580851718024,-0.018841545536894266,FALSE,FALSE
E00090668,Bristol; Portsmouth,"E00074010, E00174441",2,2,207.0008486432494,193.598309259149,E07000008,Cambridge,0.04907941681645368,0.04907941681645368,21,0.6323691137056147,12884.609368333311,7620.302445700984,0.39533872635718564,0.07820968004804324,FALSE,FALSE
E00172957,Portsmouth,E00086027,1,1,306.8810553041603,306.8810553041603,E08000006,Salford,0.04888209774790151,0.04888209774790151,29,0.8474430722683991,17336.471045880586,4459.710406134496,0.22019119172278853,0.05608697024896738,FALSE,FALSE
E00069934,Bradford,E00054418,1,1,102.76007531727711,102.76007531727711,E06000018,Nottingham,0.04887855105918809,0.04887855105918809,13,0.8781574639529783,17966.110797547957,5769.401790542443,0.046360705990856274,0.4044442906361975,FALSE,FALSE
E00181838,Bradford,E00053596,1,1,321.80217400324426,321.80217400324426,E06000045,Southampton,0.04869080005714297,0.04869080005714297,42,0.9462643324711517,19434.150421858474,10104.578265762617,1.2999073914027084,0.029998213523766172,FALSE,FALSE
E00084400,Bradford,E00053586,1,1,205.5594657525626,205.5594657525626,E06000042,Milton Keynes,0.04858206954048038,0.04858206954048038,67,1.1950758050770947,24599.112725762192,7389.557575369816,0.23057072934567882,-0.09217483400539925,FALSE,FALSE
E00068506,Bradford,E00054147,1,1,99.81699319569202,99.81699319569202,E06000015,Derby,0.0485079827754565,0.0485079827754565,22,0.6769715282465048,13955.878795871733,6741.158491658647,0.9113359635641152,0.03650019377813271,FALSE,FALSE
E00187841,Portsmouth,E00086023,1,1,176.0055491519695,176.0055491519695,E07000008,Cambridge,0.04849435660380579,0.04849435660380579,38,1.0336028884428445,21313.87981672342,7629.753767492251,0.24187238909193928,0.13827622502477352,FALSE,FALSE
E00177399,Bradford,E00177804,1,1,143.18224156138842,143.18224156138842,E08000028,Sandwell,0.04848065790343925,0.04848065790343925,46,1.1329990954992837,23370.1262420143,7817.5506767022125,0.22021862240768023,-0.07116213473953664,FALSE,FALSE
E00178604,Bristol,E00073437,1,1,168.6803683714651,168.6803683714651,E06000016,Leicester,0.04841445943612348,0.04841445943612348,16,0.43428761037522096,8970.204675076593,8633.784304697156,0.11208816193937049,0.15596812833745732,FALSE,FALSE
E00190543,Bradford,E00054592,1,1,324.2187544173616,324.2187544173616,E06000045,Southampton,0.04840033620088217,0.04840033620088217,35,0.7059157953214794,14584.935782090974,5433.8465523966015,0.063990635001202,-0.15596812833093399,FALSE,FALSE
E00029358,Bradford,E00176107,1,1,51.96252906754142,51.96252906754142,E08000007,Stockport,0.048192542752736246,0.048192542752736246,32,1.1641310831461376,24155.83442274461,6453.2805748736355,0.2318020744457049,0.053064157887302406,FALSE,FALSE
E00056803,Portsmouth,"E00086054, E00086060, E00086371",3,3,344.2317872605606,343.5844725942017,E08000035,Leeds,0.04816670977338054,0.04816670977338054,8,0.5929401895589448,12310.16592888881,5522.486407136856,0,0,FALSE,FALSE
E00145295,Portsmouth,E00086375,1,1,101.73428686529722,101.73428686529722,E07000178,Oxford,0.04813352134592435,0.04813352134592435,19,0.6486575248376352,13476.21172728846,7624.62395723049,0.06728589175146756,0.6931376339746732,FALSE,FALSE
E00079968,Bradford,E00054389,1,1,302.90749766128386,302.90749766128386,E06000033,Southend-on-Sea,0.04810987152031576,0.04810987152031576,19,1.0065507130957492,20921.916465120976,7004.799417468662,0.1444184561281733,-0.07179104828241693,FALSE,FALSE
E00024367,Bradford,E00054166,1,1,51.01121231457808,51.01121231457808,E08000001,Bolton,0.04801521999385767,0.04801521999385767,16,0.936199097386402,19497.96538485432,10746.592436023602,0.04883790224498469,-0.11410202603658155,FALSE,FALSE
E00079212,Portsmouth,"E00086366, E00179963",2,2,207.30137385158562,206.37418863855544,E06000031,Peterborough,0.048006136665058326,0.048006136665058326,22,0.7291992172632044,15189.708398133986,7353.226577320771,0.4799785733638103,-0.08308142876578879,FALSE,FALSE
E00025937,Bradford,E00054171,1,1,49.32523598990986,49.32523598990986,E08000003,Manchester,0.04797324548065188,0.04797324548065188,11,0.5670916104754901,11820.997407903205,8608.965181781736,0.08333309667617185,-0.11410202603666962,FALSE,FALSE
E00064879,Portsmouth,E00086048,1,1,331.13453718845983,331.13453718845983,E06000010,"Kingston upon Hull, City of",0.047936913001098494,0.047936913001098494,21,0.694240527796589,14482.37870011947,7363.845060108707,0.7123280479887157,-0.07910547980335735,FALSE,FALSE
E00172194,Birmingham,E00046370,1,1,28.101266960801784,28.101266960801784,E08000026,Coventry,0.04782385965821441,0.04782385965821441,34,1.0395237656895013,21736.5092052111,3784.7217119982233,0.5741508945724989,-0.11650048087005774,FALSE,FALSE
E00138598,Bradford,E00054434,1,1,184.50204477875062,184.50204477875062,E06000062,West Northamptonshire,0.04779974647322763,0.04779974647322763,52,1.04751632068389,21914.683611776018,8640.213190907174,0.0460856781386303,0.11410202603671438,FALSE,FALSE
E00189091,Newcastle; Sheffield,"E00042826, E00185205",2,2,308.0024665360886,220.6044725517213,E06000062,West Northamptonshire,0.047785659747257826,0.047785659747257826,31,1.0401721792986864,21767.454604587238,3724.966882145318,0.36367200308611225,-0.05241500096389611,FALSE,FALSE
E00026192,Bradford,E00054592,1,1,53.86490891104832,53.86490891104832,E08000003,Manchester,0.04769955602111089,0.04769955602111089,17,0.7741027641268658,16228.720531156792,7547.240059020069,0.06459090745709523,-0.15596812833868565,FALSE,FALSE
E00152867,Bradford,E00054396,1,1,283.6534361698935,283.6534361698935,E07000202,Ipswich,0.047591649382854116,0.047591649382854116,8,0.6619726342678066,13909.428289457352,7648.400606412658,0.30212729295254875,0.007521639467373145,FALSE,FALSE
E00087021,Bristol,E00178046,1,1,102.93558686824205,102.93558686824205,E06000045,Southampton,0.04758341716963693,0.04758341716963693,29,0.8435440184235857,17727.688942900317,8175.11694490537,1.085075562162753,0.04272315880166264,FALSE,FALSE
E00086601,Birmingham,E00186107,1,1,174.95217122674885,174.95217122674885,E06000045,Southampton,0.04755815959420335,0.04755815959420335,26,0.76595361231347725,16105.619284873166,11480.679754196155,0.4954862721434315,0.09659387278484265,FALSE,FALSE
E00068672,Bradford,E00054162,1,1,131.2655437980826,131.2655437980826,E06000016,Leicester,0.04752961286088917,0.04752961286088917,23,1.0250968896568218,21567.541327489882,8499.964036787698,0.095038333432672,0.017045081340978506,FALSE,FALSE
E00058859,Birmingham,E00186107,1,1,148.64542982735165,148.64542982735165,E08000035,Leeds,0.04738308868806926,0.04738308868806926,20,0.8713712403969285,18389.920634623675,3608.8825092370275,0.4965334864654377,0.13319840030051386,FALSE,FALSE
E00063868,Bradford,E00176142,1,1,84.59700108990748,84.59700108990748,E06000009,Blackpool,0.0473436194564809,0.0473436194564809,10,0.8225700582506519,17374.464979526398,6294.406794857055,0.17315789527145375,-0.40710015906158037,FALSE,FALSE
E00068988,Bradford,E00054587,1,1,137.88591884719935,137.88591884719935,E06000016,Leicester,0.04729109850084921,0.04729109850084921,24,0.6784773179942097,14346.829308311082,6512.853576333593,0.29089402809142156,-0.44926486594854026,FALSE,FALSE
E00080231,Bath,E00072583,1,1,211.33785824930663,211.33785824930663,E06000033,Southend-on-Sea,0.04728966881919862,0.04728966881919862,19,0.9449634136458681,19982.449385694,5117.396802359357,0.1022320003134043,-0.693137642122303,FALSE,FALSE
E00077259,Bradford,E00054423,1,1,346.3170662269402,346.3170662269402,E06000058,"Bournemouth, Christchurch and Poole",0.04726570035502361,0.04726570035502361,41,1.4469260491681164,30612.60149114305,6537.510238482229,0.4312853447892373,-0.051109838239346596,FALSE,FALSE
E00070304,Bradford,E00054575,1,1,101.09817275076531,101.09817275076531,E06000018,Nottingham,0.04720460058162009,0.04720460058162009,9,0.6089140200609217,12899.463453950135,6207.022120510951,0.08005645853764844,0.11410202603673304,FALSE,FALSE
E00079287,Bradford,E00054618,1,1,166.8301018636179,166.8301018636179,E06000031,Peterborough,0.04713402809341275,0.04713402809341275,18,0.7430273402869111,15764.138359113707,6089.019156843713,0.20113728243471024,-0.08909216278471112,FALSE,FALSE
E00087174,Bristol,E00178080,1,1,106.24898642743646,106.24898642743646,E06000045,Southampton,0.04709570243982016,0.04709570243982016,17,0.7449122987633806,15816.990939146614,5648.073735388068,0.3047506402792121,-0.07639409866280586,FALSE,FALSE
E00164796,Bradford,E00176102,1,1,179.80502804350945,179.80502804350945,E07000237,Worcester,0.04705029282534323,0.04705029282534323,10,0.3539046035978489,7521.836365856181,6036.094207835107,0.42384303135668994,-0.005013373264747909,FALSE,FALSE
E00068584,Portsmouth,E00086020,1,1,235.3329042655463,235.3329042655463,E06000015,Derby,0.04704461496058365,0.04704461496058365,9,0.8004828436988367,17015.397923216537,9416.593171634368,0.05651276645851459,-0.11410202603654619,FALSE,FALSE
E00189328,Birmingham; Bristol,"E00073470, E00186147, E00186232",3,3,155.4868768233448,144.00817168869543,E07000103,Watford,0.04700036855861405,0.04700036855861405,46,1.1260209298367596,23957.70425571241,6425.481528370921,0.6596893364208496,0.06315001094225246,FALSE,FALSE
E00070469,Bradford,E00176126,1,1,97.89009962085102,97.89009962085102,E06000018,Nottingham,0.04689240390218131,0.04689240390218131,18,0.9409474860973138,20066.096164746705,7080.037967184622,0.35346233973104346,-0.2813764883325238,FALSE,FALSE
E00190532,Sheffield,E00185237,1,1,275.0112736643766,275.0112736643766,E06000045,Southampton,0.046806354350523556,0.046806354350523556,36,1.2469171256482197,26639.911246030893,7798.086500533389,0.8998633324702241,-0.0941192505809255,FALSE,FALSE
E00162342,Birmingham,E00186101,1,1,214.23625555353735,214.23625555353735,E07000229,Worthing,0.046722520923418456,0.046722520923418456,29,0.9638464990173052,20629.162981105375,8325.749388343123,0.7749952930903249,0.0014574549911571216,FALSE,FALSE
E00079388,Bradford,E00176199,1,1,229.51398704188972,229.51398704188972,E06000032,Luton,0.04670584730297048,0.04670584730297048,6,0.542887984302805,11623.554986192865,12032.754621802076,0.9208142645521746,-0.024100324895388214,FALSE,FALSE
E00138876,Portsmouth,E00086020,1,1,147.76535562293066,147.76535562293066,E06000062,West Northamptonshire,0.04667984865236096,0.04667984865236096,13,0.7083111787437752,15173.810524082548,5891.193050946003,0.058115700041620665,-0.11410202603592867,FALSE,FALSE
E00048657,Bradford,E00054425,1,1,159.41660075909266,159.41660075909266,E08000026,Coventry,0.04665484850773198,0.04665484850773198,33,1.4534949697223418,31154.21046713844,6601.67184872449,0.03439984385329617,0.6931376400107765,FALSE,FALSE
E00136586,Portsmouth,E00086057,1,1,261.4581227937298,261.4581227937298,E07000148,Norwich,0.0465080638307897,0.0465080638307897,36,1.088906744146463,23413.28910419132,7203.051952857692,0.09183522880867523,0.04573985412393656,FALSE,FALSE
E00069997,Bradford,E00054407,1,1,106.24757825554458,106.24757825554458,E06000018,Nottingham,0.046506133362816386,0.046506133362816386,70,1.5897631715468705,34183.94643012728,6816.305228536907,0.27387978775250116,0.060964163221356796,FALSE,FALSE
E00085697,Newcastle,E00175561,1,1,471.7791657945666,471.7791657945666,E06000043,Brighton and Hove,0.046487028360878584,0.046487028360878584,30,1.1127737886594022,23937.29665877854,7034.220330486615,1.7910356267476955,-0.005761655739018798,FALSE,TRUE
E00086805,Portsmouth,E00086022,1,1,28.793312980475857,28.793312980475857,E06000045,Southampton,0.046305184955878764,0.046305184955878764,5,0.5604120011202576,12102.57558962864,7299.3985516321445,0.24083977454122577,0.06965758260774689,FALSE,FALSE
E00081095,Bradford; Portsmouth,"E00053597, E00179944",2,2,308.8754853789808,220.49613258578017,E06000035,Medway,0.046304193239787024,0.046304193239787024,18,0.8146535199056464,17593.515034090968,8336.17806493448,0.5511705148613424,-0.03490843977315063,FALSE,FALSE
E00058816,Bristol,E00178060,1,1,271.7737243865243,271.7737243865243,E08000035,Leeds,0.04615344784407856,0.04615344784407856,33,1.0020410256443832,21711.07625652596,8493.406631814469,0.4351902655079124,-0.07456099332232148,FALSE,FALSE
E00083315,Bradford,E00054611,1,1,269.7908493019209,269.7908493019209,E06000039,Slough,0.04614905682173115,0.04614905682173115,24,1.0702864460551633,23191.946266411578,9122.613309872784,0.17947391626605688,-0.1234238026337648,FALSE,FALSE
E00079578,Bradford,E00176111,1,1,230.41463263962171,230.41463263962171,E06000032,Luton,0.04614695863126399,0.04614695863126399,40,1.2418943373862437,26911.726671080676,9664.775604471593,0.8841903589890411,0.020991981039386664,FALSE,FALSE
E00152990,Bradford,E00053580,1,1,273.3542317883375,273.3542317883375,E07000202,Ipswich,0.04611621248954768,0.04611621248954768,29,0.6333668580924394,13734.147361646257,5876.458307616278,0.07894318965565852,0.2818425232389351,FALSE,FALSE
E00067344,Portsmouth,E00086049,1,1,353.03096031599017,353.03096031599017,E06000014,York,0.046006600853008506,0.046006600853008506,6,0.6215707588756096,13510.469092501175,8064.060224430583,0.298452746290024,-0.011939207853160811,FALSE,FALSE
E00136667,Bath,E00073131,1,1,285.3355909897597,285.3355909897597,E07000148,Norwich,0.04598261202745291,0.04598261202745291,14,0.7623558274855892,16579.21970658042,6524.205276135501,0.13117234288064822,0.030258747516493857,FALSE,FALSE
E00145584,Bradford,E00176100,1,1,237.87206808523374,237.87206808523374,E07000178,Oxford,0.04583251065651257,0.04583251065651257,34,1.0244320171192707,22351.645206538647,9447.442302366493,0.08962429762609661,-0.11489535399571803,FALSE,FALSE
E00136456,Portsmouth,E00086015,1,1,263.74694352602467,263.74694352602467,E07000148,Norwich,0.045815431648116155,0.045815431648116155,36,0.7920719786546204,17288.322954983858,7617.520722722476,0.2525023045755405,0.5106299334135114,FALSE,FALSE
E00056995,Bradford,E00176112,1,1,12.806515997336485,12.806515997336485,E08000035,Leeds,0.045799371858310886,0.045799371858310886,8,0.586009113823689,12795.134300894351,7008.829749741435,0.8346738787191663,0.029663389932272004,FALSE,FALSE
E00164701,Bristol,E00074009,1,1,86.489030250565,86.489030250565,E07000237,Worcester,0.0457949799051343,0.0457949799051343,34,0.9328852753028876,20370.906969178453,5764.824016669165,0.21438863415982673,0.11410202603678668,FALSE,FALSE
E00077309,Bristol,E00178093,1,1,96.62977572930697,96.62977572930697,E06000058,"Bournemouth, Christchurch and Poole",0.04579038365640957,0.04579038365640957,18,0.6638687054220007,14497.993954437525,7337.785210999602,0.5817099026448581,-0.5395269068839627,FALSE,FALSE
E00036354,Birmingham,E00175684,1,1,123.40955490633745,123.40955490633745,E08000015,Wirral,0.045658607071209265,0.045658607071209265,15,0.72700295861175,15922.582953043544,8322.63672449208,0.20177703304002637,0.07847774038114569,FALSE,FALSE
E00086834,Birmingham,E00046357,1,1,178.05098455673303,178.05098455673303,E06000045,Southampton,0.04552608817023295,0.04552608817023295,33,1.3999599949307864,30750.72010790825,6457.835755636715,0.13284879616091813,-0.21144020871840075,FALSE,FALSE
E00177155,Bradford,E00054127,1,1,228.34410538372097,228.34410538372097,E06000032,Luton,0.04548072480536654,0.04548072480536654,14,0.7121924789106849,15659.215677817192,10180.136793804304,0.2775787527304005,-21.26324397782823,FALSE,FALSE
E00180783,Birmingham,E00186101,1,1,110.43054555382776,110.43054555382776,E08000003,Manchester,0.04537163250533744,0.04537163250533744,45,1.5200690132627426,33502.62993256688,21334.91669902171,0.7726787334997036,0.007167602402382119,FALSE,FALSE
E00048736,Bradford,E00054622,1,1,152.91079441720743,152.91079441720743,E08000026,Coventry,0.0453631418604599,0.0453631418604599,30,1.0544801064195988,23245.30584021828,7847.780938434117,0.23628231436815386,-0.09131270393978216,FALSE,FALSE
E00024418,Birmingham,E00046383,1,1,128.90558017625952,128.90558017625952,E08000001,Bolton,0.04533929494780861,0.04533929494780861,26,0.9674045829400557,21337.001028658768,7300.51052582586,0.05037654447727563,20.427504779037324,FALSE,FALSE
E00049127,Birmingham,E00186215,1,1,32.99714650367111,32.99714650367111,E08000026,Coventry,0.045272708280325515,0.045272708280325515,15,0.7495570630809933,16556.488258660986,7244.982959027908,0.06670606210350292,0.28184252323893505,FALSE,FALSE
E00190559,Bristol,E00178075,1,1,103.91035799403838,103.91035799403838,E06000045,Southampton,0.04520246366619697,0.04520246366619697,36,0.662384330057894,14653.721862360218,12189.60108167833,0.14423272964752923,0.046201217169247494,FALSE,FALSE
E00067936,Bradford,E00176146,1,1,100.03067435234618,100.03067435234618,E06000015,Derby,0.0451846952778429,0.0451846952778429,18,0.9356824681483004,20707.951274092768,10844.379872144009,0.14966241729112426,-0.10679069219396577,FALSE,FALSE
E00086626,Bristol,E00073470,1,1,101.04553240053255,101.04553240053255,E06000045,Southampton,0.04501929075585661,0.04501929075585661,17,0.6333253964204424,14067.867036267167,7396.829101681919,0.6479070669188709,0.13261169786998817,FALSE,FALSE
E00057579,Birmingham,E00175643,1,1,151.8956457031991,151.8956457031991,E08000035,Leeds,0.04493665914040187,0.04493665914040187,11,0.8276692886036127,18418.576379201004,8945.925391203991,0.6984456327663198,0.07270424607707514,FALSE,FALSE
E00176632,Portsmouth,E00179961,1,1,320.67229519859166,320.67229519859166,E08000012,Liverpool,0.0448764267323672,0.0448764267323672,35,1.3263399308200772,29555.381909751122,5125.185241946015,0.6120727282168554,-0.010323624108338739,FALSE,FALSE
E00077681,Bradford,"E00053548, E00053625, E00054145, E00054146, E00054160, E00054219, E00054344, E00054408, E00054595, E00054631, E00054637, E00176114, E00176195, E00177784, E00177793",15,15,345.13513021763794,340.73767314939624,E06000058,"Bournemouth, Christchurch and Poole",0.044789792872029124,0.044789792872029124,15,0.7882949645920231,17599.879661071333,7412.403110426782,0,0,FALSE,FALSE
E00087120,Bradford,E00176137,1,1,319.7026536030693,319.7026536030693,E06000045,Southampton,0.044776512445664496,0.044776512445664496,18,0.6296232761756991,14061.463070392896,5918.281382936485,0.07253702607280248,-0.28184252323885006,FALSE,FALSE
E00189235,Bristol,E00174231,1,1,299.04599833633927,299.04599833633927,E06000010,"Kingston upon Hull, City of",0.04465536413649378,0.04465536413649378,18,0.6111139938061416,13685.119483926006,6292.637075830223,1.1430747897774283,0.048576990240272476,FALSE,FALSE
E00050799,Bradford,E00176208,1,1,148.3953831622185,148.3953831622185,E08000028,Sandwell,0.044649350785152406,0.044649350785152406,43,0.9464904482306938,21198.30258641605,6159.1041115753,0.1578922431593047,-0.0774175631612697,FALSE,FALSE
E00024703,Birmingham,E00186215,1,1,125.19609112308015,125.19609112308015,E08000001,Bolton,0.04456422613247177,0.04456422613247177,18,0.7662867709790684,17195.11001270844,10344.620338062863,0.0652497235938395,0.281842523238935,FALSE,FALSE
E00173491,Newcastle,E00189986,1,1,224.0336629162595,224.0336629162595,E06000018,Nottingham,0.04451147511571914,0.04451147511571914,7,0.35389832421484657,7950.721095959997,4470.757248162363,0.3831467704766023,-0.19102708159914225,FALSE,FALSE
E00064883,Bradford,E00054130,1,1,91.88955418533455,91.88955418533455,E06000010,"Kingston upon Hull, City of",0.04440964350843523,0.04440964350843523,28,0.9701131913468721,21844.651627581912,9367.33482044242,0.7644097684832404,-0.04783140344728022,FALSE,FALSE
E00024870,Bradford,E00054424,1,1,49.15151080609836,49.15151080609836,E08000001,Bolton,0.044393845826346895,0.044393845826346895,19,0.9956207538693898,22426.999403563907,6892.8472923243535,0.1756924002640339,-0.027526167656180305,FALSE,FALSE
E00058896,Sheffield,E00185195,1,1,49.6905321132726,49.6905321132726,E08000035,Leeds,0.0443245772375809,0.0443245772375809,12,0.6107067290733434,13778.061002137467,6249.354585273824,0.5271450021329918,0.07768336095184092,FALSE,FALSE
E00024506,Bradford,E00053598,1,1,54.80315683543323,54.80315683543323,E08000001,Bolton,0.044249728070550595,0.044249728070550595,17,0.7605945332125222,17188.68265133405,9514.18276127638,0.06285609206008017,0.40444429866423914,FALSE,FALSE
E00068066,Newcastle; Sheffield,"E00185184, E00189986",2,2,227.8067803845997,139.0776911960425,E06000015,Derby,0.044219553707135845,0.044219553707135845,29,0.7723829905230762,17467.00103846671,10538.32435954233,0.36668660946067044,-0.13864852769072117,FALSE,FALSE
E00186442,Birmingham,E00047467,1,1,71.7547393683865,71.7547393683865,E07000081,Gloucester,0.044205706098763974,0.044205706098763974,24,1.0392174449314249,23508.671993828466,6266.1593818030915,0.09622625225137434,0.015060374493001242,FALSE,FALSE
E00024735,Bradford,E00053631,1,1,58.18847318472488,58.18847318472488,E08000001,Bolton,0.044173687012700726,0.044173687012700726,32,1.1639432808498191,26349.244529105406,5478.374488650238,0.12229762595997733,0.04237928397359946,FALSE,FALSE
E00189026,Birmingham,E00047468,1,1,71.84063911123988,71.84063911123988,E06000062,West Northamptonshire,0.04413720145932713,0.04413720145932713,23,0.7069502457332218,16017.10625864405,6389.16810935251,0.592238990688457,-0.07635888881844764,FALSE,FALSE
E00152698,Birmingham,E00186238,1,1,215.82038158401556,215.82038158401556,E07000202,Ipswich,0.04412014647510578,0.04412014647510578,17,0.7312623929644082,16574.341913778855,5598.349500933015,0.8863316454337973,-0.035507681885939085,FALSE,FALSE
E00072122,Bradford,E00054387,1,1,95.66839453194987,95.66839453194987,E06000021,Stoke-on-Trent,0.04399254640496615,0.04399254640496615,21,1.066192070537291,24235.743498969918,7955.893181952519,0.09278440792581376,-0.05903229605047465,FALSE,FALSE
E00055593,Bradford,E00176137,1,1,11.496729849866808,11.496729849866808,E08000034,Kirklees,0.04376574197810679,0.04376574197810679,16,0.6710471652209175,15332.703957277809,11127.424738820037,0.07373177708561121,-0.28184252323893016,FALSE,FALSE
E00057627,Bradford,E00177822,1,1,15.611327724327788,15.611327724327788,E08000035,Leeds,0.043737395748130355,0.043737395748130355,8,0.6706476268486358,15333.506153651228,6058.8884058403955,0.6542534148100857,-0.2273130039601375,FALSE,FALSE
E00064370,Portsmouth,"E00086052, E00174464",2,2,332.6701725561589,332.53312556765536,E06000010,"Kingston upon Hull, City of",0.04355127157554403,0.04355127157554403,12,0.6510457553915072,14948.949406958263,7003.239835855241,0.9910409439840374,-0.018401572363169194,FALSE,FALSE
E00068336,Portsmouth,E00086375,1,1,237.72175745223035,237.72175745223035,E06000015,Derby,0.043462997425972365,0.043462997425972365,9,0.7634200481963216,17564.82740281786,6097.1404572672855,0.06424248369671819,0.6931376395587571,FALSE,FALSE
E00186480,Bristol,E00178086,1,1,62.41459527510529,62.41459527510529,E07000078,Cheltenham,0.0432663361652038,0.0432663361652038,21,0.6749353693163788,15599.54988421654,6494.656698618021,0.29632466913472594,-0.07820968004025507,FALSE,FALSE
E00048722,Bradford,E00054137,1,1,150.84097115828519,150.84097115828519,E08000026,Coventry,0.04322594131821115,0.04322594131821115,9,0.4513295841746607,10441.174221104004,5922.369581623127,0.4431351433913575,0.11410202609384107,FALSE,FALSE
E00055973,Bradford,E00054402,1,1,17.248066791445364,17.248066791445364,E08000034,Kirklees,0.04305855606897571,0.04305855606897571,9,0.7131547871905289,16562.44083169261,9452.244505088018,0.0639755924232628,-0.15596812833217816,FALSE,FALSE
E00090691,Sheffield,E00172418,1,1,167.24082716642422,167.24082716642422,E07000008,Cambridge,0.04304984487473207,0.04304984487473207,47,0.904609105064591,21013.063059735847,7502.930636332758,0.11054498505501975,0.5106299331780854,FALSE,FALSE
E00027698,Birmingham,E00175658,1,1,126.83898031159589,126.83898031159589,E08000005,Rochdale,0.0430021130127099,0.0430021130127099,49,1.2812166302703905,29794.271502233118,11441.29824166041,0.5129850678423474,-0.21474810700454736,FALSE,FALSE
E00049034,Newcastle,E00190011,1,1,285.7489219851592,285.7489219851592,E08000026,Coventry,0.042814546188550975,0.042814546188550975,29,0.9961594993254407,23266.847088334278,7871.156651197136,0.5007426023019211,-0.04220460634882172,FALSE,FALSE
E00136609,Bristol,E00178080,1,1,296.2827921908511,296.2827921908511,E07000148,Norwich,0.042609647636314765,0.042609647636314765,33,0.9604053344530222,22539.62160519021,7040.6590207124855,0.30752848761321305,-0.10529142034321337,FALSE,FALSE
E00077276,Newcastle,E00190011,1,1,473.16763715131697,473.16763715131697,E06000058,"Bournemouth, Christchurch and Poole",0.0425089388656569,0.0425089388656569,22,0.6590793893617839,15504.489336812312,5904.640452052866,0.5005557833017092,-0.07217456107807772,FALSE,TRUE
E00086612,Portsmouth,E00179945,1,1,26.145207376635575,26.145207376635575,E06000045,Southampton,0.042443277938731074,0.042443277938731074,26,0.8786918726151929,20702.733513741026,7680.839365672859,0.9562641082580915,0.038430902448738695,FALSE,FALSE
E00181655,Bath; Newcastle,"E00042826, E00073128",2,2,234.67173662297935,202.51966400664708,E08000006,Salford,0.0423509016260535,0.0423509016260535,38,1.4183807451588524,33491.15817374454,7792.041900637838,0.3704114722321328,-0.06088172227317441,FALSE,FALSE
E00024702,Portsmouth,E00086375,1,1,317.8686683584983,317.8686683584983,E08000001,Bolton,0.04232841862699034,0.04232841862699034,24,0.7128863922794252,16841.79129302174,7772.55590149111,0.06733821899238049,20.41611529958013,FALSE,FALSE
E00067893,Bradford,E00054210,1,1,46.245215537599805,46.245215537599805,E06000014,York,0.04230324754509353,0.04230324754509353,34,0.7856411219350115,18571.650346644197,5838.7952304774735,0.4684543485879857,0.026153351041612195,FALSE,FALSE
E00050394,Portsmouth,E00086041,1,1,204.43944842898853,204.43944842898853,E08000028,Sandwell,0.042247014065887316,0.042247014065887316,6,0.5440367875296493,12877.520448692163,7124.763883444364,0.18381109934509737,0.030258747516467586,FALSE,FALSE
E00109606,Portsmouth,E00086375,1,1,149.6841865514196,149.6841865514196,E07000070,Chelmsford,0.04218637845593784,0.04218637845593784,12,0.742420215106611,17598.576656255107,8035.7691844554365,0.06734730410434747,0.6931376400107757,FALSE,FALSE
E00138312,Portsmouth,E00179963,1,1,162.52521945923147,162.52521945923147,E06000062,West Northamptonshire,0.04211127834040078,0.04211127834040078,19,0.9745474786815492,23142.196510966198,8928.724437207897,0.4912890448885471,-0.09641600902363857,FALSE,FALSE
E00136334,Portsmouth,E00086058,1,1,259.5735231098896,259.5735231098896,E07000148,Norwich,0.04211078673422383,0.04211078673422383,10,0.6960809516564952,16529.754147071864,6554.140195526013,0.14017837978154005,-0.693137642122534,FALSE,FALSE
E00052865,Bradford,E00177771,1,1,141.3952875120956,141.3952875120956,E08000031,Wolverhampton,0.0420518748949694,0.0420518748949694,22,0.5386313952584312,12808.73674726134,8370.613697467012,0.3713114418516982,-0.045739854221979515,FALSE,FALSE
E00067559,Bristol; Portsmouth,"E00174453, E00178086",2,2,351.6417016844978,325.1554524105804,E06000014,York,0.04197109985394025,0.04197109985394025,9,0.8101383438903775,19302.290068872753,7338.382865158224,0.29609387311318097,-0.07766228370185153,FALSE,FALSE
E00114714,Portsmouth,E00086024,1,1,50.13721481237242,50.13721481237242,E07000084,Basingstoke and Deane,0.04187482723172277,0.04187482723172277,22,0.6222339268894459,14859.378964029856,4107.479633246089,0.3868336161020131,0.028445069845504923,FALSE,FALSE
E00079878,Birmingham,E00175625,1,1,117.90576167398504,117.90576167398504,E06000032,Luton,0.04187259493748778,0.04187259493748778,15,0.7046712545229096,16828.936815951427,6925.770911331034,0.06935574523057417,-0.4044442990748438,FALSE,FALSE
E00187598,Portsmouth,E00086052,1,1,240.40021573075177,240.40021573075177,E06000018,Nottingham,0.04179344237715285,0.04179344237715285,24,0.7959568035391624,19045.016592705626,21438.770032731612,0.9716356422373973,-0.030360557358805797,FALSE,FALSE
E00026690,Bradford,E00054617,1,1,54.48960869522788,54.48960869522788,E08000003,Manchester,0.04171037889980835,0.04171037889980835,15,0.6001557077425458,14388.641953700962,6449.234149758251,0.3086873916384927,-0.1559681283487653,FALSE,FALSE
E00167353,Newcastle,E00175561,1,1,328.7600456661277,328.7600456661277,E07000008,Cambridge,0.04152275593140897,0.04152275593140897,21,0.7340277320797118,17677.721904881386,10620.682324855401,1.824380662302518,0.009474253936962664,FALSE,FALSE
E00187523,Birmingham,E00186188,1,1,73.80165220785479,73.80165220785479,E06000018,Nottingham,0.041507526625885804,0.041507526625885804,24,0.9216409142535158,22204.18775034267,11901.455956470343,0.6183400619335363,0.06703343284543573,FALSE,FALSE
E00101321,Bath,E00072570,1,1,111.01768239023573,111.01768239023573,E07000041,Exeter,0.04148795134940278,0.04148795134940278,10,0.22956508369307085,5533.295239374972,5182.227442114829,0.21780315715106807,0.1141020260367784,FALSE,FALSE
E00034028,Portsmouth,E00086366,1,1,314.6657747048225,314.6657747048225,E08000012,Liverpool,0.0414772879599004,0.0414772879599004,35,1.1393983204349234,27470.41517122518,7256.983636225255,0.45750155204812126,-0.08829713798086132,FALSE,FALSE
E00145434,Bristol,E00073448,1,1,101.06358985615253,101.06358985615253,E07000178,Oxford,0.04145929806615948,0.04145929806615948,12,0.7138378638312152,17217.79907349359,8080.213983975736,0.06391577459218108,-0.0457398541239482,FALSE,FALSE
E00033717,Portsmouth,E00086029,1,1,320.208372919152,320.208372919152,E08000012,Liverpool,0.041393541549526125,0.041393541549526125,42,1.2095677850225555,29221.171703207467,5749.689229061016,0.870309223703713,-0.06741795179305887,FALSE,FALSE
E00175398,Sheffield,"E00172452, E00185214",2,2,157.8310175779648,157.66187796082528,E06000042,Milton Keynes,0.041340528079397976,0.041340528079397976,13,0.5620658373301329,13596.000424828584,3967.0514049802205,0.08347242775483435,-0.015060374493006838,FALSE,FALSE
E00064292,Bath,E00072806,1,1,276.3808594794578,276.3808594794578,E06000009,Blackpool,0.041308995051631936,0.041308995051631936,18,1.0722085084247404,25955.811974718617,5422.547794252157,0.09326544157620731,0.6931376421230124,FALSE,FALSE
E00063534,Portsmouth,E00086375,1,1,338.842302908932,338.842302908932,E06000008,Blackburn with Darwen,0.0412178513944898,0.0412178513944898,10,0.7719965893020122,18729.66598654913,5337.493162717615,0.06476712551956566,0.6931376400107768,FALSE,FALSE
E00070485,Bradford,E00053837,1,1,101.58591393425533,101.58591393425533,E06000018,Nottingham,0.04112983516022097,0.04112983516022097,28,0.9233392120376852,22449.3778893308,6929.2764945394165,0.30715418158632785,-0.09097013993723765,FALSE,FALSE
E00083374,Birmingham,E00175673,1,1,141.59373640391556,141.59373640391556,E06000039,Slough,0.041110702986376625,0.041110702986376625,15,0.43087633732270925,10480.879820164939,8489.27346524949,0.10646210066913862,0.2818425232388575,FALSE,FALSE
E00168911,Bath,E00072567,1,1,59.71765596257347,59.71765596257347,E07000078,Cheltenham,0.04110779409092851,0.04110779409092851,24,0.7803546279781882,18983.130699061116,5011.21513706957,0.12814686607176132,0.11410202603726564,FALSE,FALSE
E00173512,Birmingham; Newcastle,"E00186274, E00189974",2,2,225.86357621820213,149.8647466553145,E06000018,Nottingham,0.040985330915218686,0.040985330915218686,21,0.5167161900035891,12607.344590494009,15127.363526294756,1.3973386434727055,-0.08490506737304825,FALSE,FALSE
E00173830,Portsmouth,E00086519,1,1,262.07981817805216,262.07981817805216,E07000148,Norwich,0.04088655691309302,0.04088655691309302,21,0.7372801671866628,18032.33685716796,4500.256658713124,0.13563364979907597,-0.07820968118156875,FALSE,FALSE
E00090738,Portsmouth,E00086025,1,1,176.87165939070803,176.87165939070803,E07000008,Cambridge,0.04069683559649927,0.04069683559649927,39,0.8988523057177311,22086.540453161186,8796.752738947474,0.7688003864530426,-0.0957062798703867,FALSE,FALSE
E00083112,Birmingham,E00175728,1,1,140.23487852293584,140.23487852293584,E06000039,Slough,0.04069324648160412,0.04069324648160412,3,0.475156661700655,11676.54839029507,11107.494217850919,0.5089794998020263,0.01272305822984444,FALSE,FALSE
E00101179,Bath,E00072569,1,1,108.8881304191784,108.8881304191784,E07000041,Exeter,0.04067596487618482,0.04067596487618482,16,0.5575483924333963,13707.072324664945,6957.42561636669,0.17741598997044292,-0.11201395175011769,FALSE,FALSE
E00052805,Portsmouth,E00086058,1,1,213.519515329957,213.519515329957,E08000031,Wolverhampton,0.040672868788763646,0.040672868788763646,8,0.35890824152865725,8824.266697111118,9859.152106594973,0.13791129395407836,-20.439171637542653,FALSE,FALSE
E00068784,Bradford,E00054213,1,1,131.78847121614098,131.78847121614098,E06000016,Leicester,0.040544640407463535,0.040544640407463535,14,0.501920803086874,12379.461207269198,12406.078705963977,0.09614265777234123,-0.2818425232389146,FALSE,FALSE
E00070376,Sheffield,E00185186,1,1,51.67635383359374,51.67635383359374,E06000018,Nottingham,0.040460231752964496,0.040460231752964496,13,0.5202610164890968,12858.57727324999,7488.835008410435,0.6461545058066928,0.05226693502434467,FALSE,FALSE
E00026563,Bradford,E00177827,1,1,50.9319035827203,50.9319035827203,E08000003,Manchester,0.04045280056888779,0.04045280056888779,13,0.6626873252483491,16381.741583499199,9121.741753617858,0.26694791534409346,0.05731892302685196,FALSE,FALSE
E00028410,Portsmouth,E00086017,1,1,311.3096088038242,311.3096088038242,E08000006,Salford,0.04044962507005606,0.04044962507005606,31,0.7991252299737085,19756.060249994327,8183.017751752458,0.17187293661660363,0.19930456097480698,FALSE,FALSE
E00081196,Bradford,E00176166,1,1,310.8463804538506,310.8463804538506,E06000035,Medway,0.04035406571871718,0.04035406571871718,15,0.5834557671258784,14458.413464278463,9094.49874414455,1.6835303639874382,-0.055324852794363485,FALSE,FALSE
E00064053,Portsmouth,E00086027,1,1,363.7569999359606,363.7569999359606,E06000009,Blackpool,0.040271182989882304,0.040271182989882304,32,0.865367768716033,21488.51124968063,6207.912989862,0.21607402859183433,0.05572450723373449,FALSE,FALSE
E00083132,Bradford,E00176141,1,1,264.4163423641266,264.4163423641266,E06000039,Slough,0.040120965243974585,0.040120965243974585,10,0.48032536640357815,11971.929475842158,13160.20182438895,0.18991813962070284,-0.046129162633473976,FALSE,FALSE
E00058960,Bradford,E00054570,1,1,11.448622850924421,11.448622850924421,E08000035,Leeds,0.0401120560346627,0.0401120560346627,11,0.6849061971404145,17074.821508739293,6082.959192845867,0.5010036431742957,0.018688353583381417,FALSE,FALSE
E00055667,Birmingham,E00175660,1,1,131.679763736535,131.679763736535,E08000034,Kirklees,0.04009403568173177,0.04009403568173177,36,1.1576833406131861,28874.20338034634,11722.441804833039,0.20434560272301935,0.20895382136398274,FALSE,FALSE
E00080269,Bradford,E00176100,1,1,305.89920051356575,305.89920051356575,E06000033,Southend-on-Sea,0.04007140797790373,0.04007140797790373,17,0.5522640403683563,13781.997395072493,6139.040588133313,0.09053640350483502,-0.11410202603677845,FALSE,FALSE
E00175818,Sheffield,E00172447,1,1,50.078924812211525,50.078924812211525,E08000003,Manchester,0.04004711142953019,0.04004711142953019,9,0.2706303822591483,6757.800315644967,9339.000658215202,0.1829247684119788,-0.28184252323893055,FALSE,FALSE
E00068526,Bradford,E00054597,1,1,101.0764613421769,101.0764613421769,E06000015,Derby,0.039955251644448374,0.039955251644448374,16,0.6314252854529602,15803.311441305721,15217.023419360174,1.5114416891230087,-0.01706114111179897,FALSE,FALSE
E00063456,Bradford,E00053626,1,1,51.01503509933832,51.01503509933832,E06000008,Blackburn with Darwen,0.03992147095882963,0.03992147095882963,12,0.6904580678425922,17295.406488269196,7239.212209841693,0.3406658723461009,-0.15502366468502038,FALSE,FALSE
E00076075,Bradford,E00053640,1,1,413.65965833189347,413.65965833189347,E06000026,Plymouth,0.039858197547057085,0.039858197547057085,11,0.6624338633478838,16619.764668630738,11189.668059461215,0.3019169324907655,0.20847762982484364,FALSE,FALSE
E00136606,Bristol,E00073471,1,1,298.3229442148741,298.3229442148741,E07000148,Norwich,0.03985644095618834,0.03985644095618834,26,1.0760070383243259,26997.067789045996,9333.497700131229,0.691836087949101,0.012911015314565679,FALSE,FALSE
E00085803,Bath,E00072587,1,1,164.42816294104122,164.42816294104122,E06000043,Brighton and Hove,0.03977995168595342,0.03977995168595342,2,0.4109844106257718,10331.445695820019,9150.337910755456,0.12067975990739409,0.07820968004028059,FALSE,FALSE
E00072055,Portsmouth,E00179944,1,1,260.62814967773664,260.62814967773664,E06000021,Stoke-on-Trent,0.0397760726980177,0.0397760726980177,14,0.6421948331892502,16145.254914049241,5480.681857534526,0.5450059419846772,-0.032449508166908204,FALSE,FALSE
E00050539,Bradford,E00053570,1,1,140.41995906087698,140.41995906087698,E08000028,Sandwell,0.03970746703885912,0.03970746703885912,18,0.9010289478330561,22691.67526982463,8487.06868333354,0.16647633836931086,0.10162761625138547,FALSE,FALSE
E00078387,Portsmouth,E00174470,1,1,99.29377094528418,99.29377094528418,E06000030,Swindon,0.03966488164384078,0.03966488164384078,23,0.6914196660334186,17431.53231218032,7185.197287592442,0.13337775092376775,0.11705251333266782,FALSE,FALSE
E00064388,Bradford,E00054143,1,1,93.01773634261818,93.01773634261818,E06000010,"Kingston upon Hull, City of",0.03944307092725752,0.03944307092725752,15,1.0004947146120065,25365.53800430901,7124.191737459575,0.14992582950142844,0.11410202603735567,FALSE,FALSE
E00024284,Portsmouth,"E00086054, E00086060, E00086371",3,3,322.74274028203,322.0591367774721,E08000001,Bolton,0.039411439732749014,0.039411439732749014,15,0.8035785096179753,20389.47359109645,9286.643738007662,0,0,FALSE,FALSE
E00138357,Portsmouth,E00086020,1,1,163.99931622250725,163.99931622250725,E06000062,West Northamptonshire,0.039411155346928295,0.039411155346928295,39,0.8066289878927417,20467.022110672795,9819.554808614936,0.05933892870009847,-0.1141020260366973,FALSE,FALSE
E00176644,Birmingham,E00186268,1,1,126.25509823194768,126.25509823194768,E08000012,Liverpool,0.039403595385983356,0.039403595385983356,26,0.9017024191937055,22883.759980807718,3806.7592190675573,0.26616763456685577,0.01992571367208352,FALSE,FALSE
E00064860,Portsmouth,E00086023,1,1,329.93896765294505,329.93896765294505,E06000010,"Kingston upon Hull, City of",0.039375272960447516,0.039375272960447516,21,0.6805064873766034,17282.584632750928,7441.218256298024,0.2204240558797018,0.1272245707319356,FALSE,FALSE
E00050301,Bradford,E00054649,1,1,148.4729925591545,148.4729925591545,E08000028,Sandwell,0.0392520664867647,0.0392520664867647,12,0.5700638376978834,14523.154797215624,7668.386073418412,0.08770947513863964,-0.01506037449301026,FALSE,FALSE
E00080121,Bristol,E00174256,1,1,225.58551037024424,225.58551037024424,E06000033,Southend-on-Sea,0.03919842929070722,0.03919842929070722,25,0.7332198222187225,18705.336807782423,7066.609683405565,0.19621673560958774,-0.6931376421246297,FALSE,FALSE
E00026769,Bradford,E00176173,1,1,50.32105170809933,50.32105170809933,E08000003,Manchester,0.039198125770410874,0.039198125770410874,15,0.7570964987717633,19314.609662874896,10000.47814265409,0.7952599186190498,0.02604087540893119,FALSE,FALSE
E00048752,Birmingham,E00186240,1,1,29.696644471574967,29.696644471574967,E08000026,Coventry,0.039165296357469286,0.039165296357469286,27,0.7361330400096012,18795.543720409303,11540.829306498998,0.27142919708833335,0.0153216784503046,FALSE,FALSE
E00071408,Bradford,E00053867,1,1,132.0590895017085,132.0590895017085,E06000020,Telford and Wrekin,0.03908075043678082,0.03908075043678082,19,0.804114665060687,20575.72221806404,7548.473268884852,0.3084000463805546,-0.19517689299302884,FALSE,FALSE
E00080176,Portsmouth,E00174456,1,1,151.4399272106462,151.4399272106462,E06000033,Southend-on-Sea,0.03896044630079741,0.03896044630079741,15,0.6586829008955711,16906.451630716812,11011.167497617182,0.07298124778196019,-0.4044442987751781,FALSE,FALSE
E00112612,Portsmouth,E00086046,1,1,142.5317109421958,142.5317109421958,E07000078,Cheltenham,0.03895502945790894,0.03895502945790894,11,0.5571167514235327,14301.535878069339,8188.929759241505,0.17589939586200104,-0.6931376421226273,FALSE,FALSE
E00067918,Bristol,E00174293,1,1,179.71237271777977,179.71237271777977,E06000015,Derby,0.03887855340058356,0.03887855340058356,21,0.8816932755550533,22678.139962425124,8642.296860637738,0.9139272378965595,0.022294836008121665,FALSE,FALSE
E00174500,Bristol,E00174243,1,1,110.67436501066565,110.67436501066565,E06000038,Reading,0.03878882886901917,0.03878882886901917,27,0.8091333635270453,20859.95857877793,12142.671324015922,1.3819866420112383,-0.017493594949389863,FALSE,FALSE
E00067564,Portsmouth,E00179966,1,1,351.68257458168046,351.68257458168046,E06000014,York,0.03867104917118,0.03867104917118,8,0.632180450526058,16347.641558098636,9154.134878342586,0.15082165214166154,0.025782526539741304,FALSE,FALSE
E00068863,Portsmouth,E00086056,1,1,203.2207765002635,203.2207765002635,E06000016,Leicester,0.0386126206890709,0.0386126206890709,18,0.583858639203692,15120.927530540555,8909.00420279858,0.8453750049381455,0.0060305082268493375,FALSE,FALSE
E00064606,Portsmouth,E00086017,1,1,332.39453253056604,332.39453253056604,E06000010,"Kingston upon Hull, City of",0.03857352286923094,0.03857352286923094,30,0.8556149960723994,22181.406634106017,5884.865656931526,0.17531249532623605,0.2084776298251769,FALSE,FALSE
E00050843,Portsmouth,E00086370,1,1,197.39532432081504,197.39532432081504,E08000028,Sandwell,0.03855932793260147,0.03855932793260147,17,0.6036494270772165,15655.081648008647,13330.107850905224,0.41399939897239796,-0.13823972317439748,FALSE,FALSE
E00069499,Bradford,E00176166,1,1,136.35157473525902,136.35157473525902,E06000016,Leicester,0.038444285170230665,0.038444285170230665,15,0.6020869763026884,15661.286811203723,8869.978944596254,1.5318550912091566,-0.05349089556034181,FALSE,FALSE
E00173473,Newcastle,E00175558,1,1,226.12261607315233,226.12261607315233,E06000018,Nottingham,0.038379844069156795,0.038379844069156795,38,0.736281943431173,19184.078551868624,9405.978808812059,2.4856707628483097,-0.02921107086455954,FALSE,FALSE
E00071247,Portsmouth,E00086043,1,1,225.90083274614986,225.90083274614986,E06000020,Telford and Wrekin,0.03836694302983266,0.03836694302983266,23,0.3665390905573683,9553.513040441132,7271.88506478247,0.1364110985378634,-0.20847762944635584,FALSE,FALSE
E00063425,Bradford,E00053589,1,1,48.953324956315505,48.953324956315505,E06000008,Blackburn with Darwen,0.038340343015932726,0.038340343015932726,14,0.5859697386177702,15283.37235726515,9233.094233217778,0.232749220670871,-0.20569429990699847,FALSE,FALSE
E00080160,Bristol,E00178115,1,1,229.44706565050646,229.44706565050646,E06000033,Southend-on-Sea,0.03828066172504053,0.03828066172504053,11,0.6823792368619405,17825.69073030354,7418.8895176340975,0.14654607672394945,0.33360012806528927,FALSE,FALSE
E00052671,Bradford,"E00054153, E00054628",2,2,137.72818401897786,136.9576136114415,E08000031,Wolverhampton,0.03825498488035282,0.03825498488035282,16,0.6793049627391845,17757.292673459277,8809.309454807239,0.5145295841658635,-0.07793227690551602,FALSE,FALSE
E00138237,Bradford,E00054585,1,1,181.83774401758416,181.83774401758416,E06000062,West Northamptonshire,0.038227728202788115,0.038227728202788115,21,0.5722589483491229,14969.73467304776,10045.064618095543,0.1684272483253476,0.08332919657434237,FALSE,FALSE
E00069802,Bradford,E00054169,1,1,98.25607270224305,98.25607270224305,E06000018,Nottingham,0.03811794628425734,0.03811794628425734,27,0.8442845338167299,22149.26605753202,9129.557962143504,0.059221741009475345,-0.40444429941526866,FALSE,FALSE
E00068867,Newcastle,E00175574,1,1,263.3683419334398,263.3683419334398,E06000016,Leicester,0.03799997440866194,0.03799997440866194,37,0.8793003474237556,23139.498410381104,11184.218058397506,0.11204647000158602,-0.01505577472441954,FALSE,FALSE
E00169742,Bradford,E00053576,1,1,12.748640860625505,12.748640860625505,E08000035,Leeds,0.03784360428582505,0.03784360428582505,44,1.1130411522673893,29411.605296916645,6632.560633079451,0.08774293726791017,-0.4063340287156599,FALSE,FALSE
E00063216,Portsmouth,E00174456,1,1,308.8191702219973,308.8191702219973,E06000007,Warrington,0.03780206914238213,0.03780206914238213,13,0.6636423210551226,17555.71417415017,8094.794992502814,0.07534178941527596,-0.40444429941526877,FALSE,FALSE
E00083396,Bradford,E00177834,1,1,268.76767295295963,268.76767295295963,E06000039,Slough,0.03778377510076913,0.03778377510076913,21,0.7882689020335857,20862.629526331784,14821.176510459396,0.18236162764908267,-0.3026089162597997,FALSE,FALSE
E00060628,Portsmouth,E00179913,1,1,418.1686300948399,418.1686300948399,E06000002,Middlesbrough,0.037780602955987855,0.037780602955987855,35,0.9814389916098109,25977.324733359303,6775.963853679749,0.42787937262528686,0.09765342161177303,FALSE,FALSE
E00048439,Bradford,E00053582,1,1,149.6570834191799,149.6570834191799,E08000026,Coventry,0.03768271819306165,0.03768271819306165,23,0.6728314475344302,17855.172869623715,8704.255311932173,0.14862563330897638,0.03025874751646548,FALSE,FALSE
E00136372,Portsmouth,E00179961,1,1,261.50845604497914,261.50845604497914,E07000148,Norwich,0.03768014767771309,0.03768014767771309,22,0.5853705843334877,15535.251861014343,7669.821320019311,0.5938007636577358,0.00784596067178839,FALSE,FALSE
E00076660,Bradford,E00177762,1,1,412.9263883746619,412.9263883746619,E06000026,Plymouth,0.037672270494767,0.037672270494767,21,0.7858542808758499,20860.284515769014,7644.880338178865,0.9528865824404678,-0.014697443541102154,FALSE,FALSE
E00132885,Portsmouth,E00086369,1,1,268.95593852460445,268.95593852460445,E07000138,Lincoln,0.037652533316553334,0.037652533316553334,5,0.38139682112350537,10129.380084920618,6374.073106376824,0.3702403695553438,-0.05300814639958028,FALSE,FALSE
E00070260,Newcastle,E00175587,1,1,228.05812924946295,228.05812924946295,E06000018,Nottingham,0.037637805340026274,0.037637805340026274,5,0.2765471681622278,7347.590160049293,6190.5841186817015,0,0,FALSE,FALSE
E00057031,Bradford,E00054180,1,1,13.281768506621393,13.281768506621393,E08000035,Leeds,0.03759375371798806,0.03759375371798806,44,1.3208164860499678,35133.93464132784,8458.852031257567,0.10627592968633617,0.0824335004218773,FALSE,FALSE
E00170986,Bradford,E00054589,1,1,273.76872918047076,273.76872918047076,E07000070,Chelmsford,0.03750340003682392,0.03750340003682392,31,0.8823803404164088,23528.00918183459,6826.047764966328,0.05666490708123011,20.44672657552008,FALSE,FALSE
E00173534,Bradford,E00176139,1,1,100.41650418042428,100.41650418042428,E06000018,Nottingham,0.03750216453374337,0.03750216453374337,28,0.8351890691887139,22270.42304284156,10452.729992352564,0.6836278407649873,-0.02437075612981441,FALSE,FALSE
E00173508,Bristol,E00178058,1,1,194.35092540278964,194.35092540278964,E06000018,Nottingham,0.03744996614185156,0.03744996614185156,29,0.8681481413549597,23181.54676206171,7957.28356258713,1.5742664585642405,0.0017814421384088474,FALSE,FALSE
E00161182,Bradford,"E00054427, E00177833",2,2,322.6036554465865,321.09420704090576,E07000226,Crawley,0.03743295116038562,0.03743295116038562,24,0.6057618910903751,16182.584389216903,6224.462479639548,0.24762204788089107,0.18934350130672034,FALSE,FALSE
E00080977,Bradford,E00176131,1,1,309.78498164921115,309.78498164921115,E06000035,Medway,0.03742726515778281,0.03742726515778281,29,0.7214680892156644,19276.537737239367,8897.257082401447,0.48512194126353997,0.03244950813585166,FALSE,FALSE
E00113509,Portsmouth,E00174447,1,1,140.94418506121164,140.94418506121164,E07000081,Gloucester,0.03735956726757356,0.03735956726757356,14,0.6241651703526989,16706.97002142331,10064.356401856701,0.32042800447674036,0.07820968013800755,FALSE,FALSE
E00175524,Birmingham,E00175778,1,1,130.20793049357448,130.20793049357448,E08000034,Kirklees,0.03731130843500514,0.03731130843500514,10,0.5356992958647985,14357.55856158103,4743.870087223749,0.17713948988267764,0.281842522656454,FALSE,FALSE
E00136405,Bristol,E00178105,1,1,298.76754321075066,298.76754321075066,E07000148,Norwich,0.03728766398652392,0.03728766398652392,27,0.6296004329793542,16884.95243914709,8689.200806923609,0.5542705845175988,-0.014346452697170558,FALSE,FALSE
E00180803,Birmingham,E00186136,1,1,110.01953538797356,110.01953538797356,E08000003,Manchester,0.037217305767216255,0.037217305767216255,20,0.7741534956549707,20800.90107803833,4594.636728127413,0.6502922260579315,0.060001039192224354,FALSE,FALSE
E00181786,Bradford,E00177753,1,1,35.053778169172055,35.053778169172055,E08000004,Oldham,0.03716980253880728,0.03716980253880728,38,1.2312895009709794,33126.070543028756,5165.483453928539,0.22786314654575515,-0.024929569218999408,FALSE,FALSE
E00067417,Bradford,E00053602,1,1,42.98576988126326,42.98576988126326,E06000014,York,0.03701078843643993,0.03701078843643993,17,0.6752753056370359,18245.36396452922,5592.963801770643,0.07360553478719414,-0.045739854123969026,FALSE,FALSE
E00027167,Bradford,E00053600,1,1,41.2186039156793,41.2186039156793,E08000004,Oldham,0.03676432389566701,0.03676432389566701,16,0.7015320563793839,19081.870194872958,8268.885914037686,0.26438421211602753,0.33993271281271153,FALSE,FALSE
E00079817,Birmingham,E00175748,1,1,122.20144760985511,122.20144760985511,E06000032,Luton,0.0367081121522442,0.0367081121522442,14,0.5972735858439897,16270.888117777386,11332.644900796602,0.41856865249905933,-0.13827622505741036,FALSE,FALSE
E00064849,Portsmouth,E00086038,1,1,331.5143693369297,331.5143693369297,E06000010,"Kingston upon Hull, City of",0.03670641241064385,0.03670641241064385,14,0.6542854677043639,17824.82745479749,7328.419813699837,1.6651378546165034,-0.03800409369670026,FALSE,FALSE
E00113419,Portsmouth,E00174456,1,1,143.3221327301991,143.3221327301991,E07000081,Gloucester,0.036633260732788595,0.036633260732788595,9,0.6263634922322656,17098.218386867185,7124.672900504103,0.07707106272742192,-0.4044442988562513,FALSE,FALSE
E00172564,Sheffield,E00185184,1,1,178.6483411087935,178.6483411087935,E07000178,Oxford,0.03663299043745134,0.03663299043745134,7,0.26977592239056025,7364.28883279913,20364.157855847196,0.35624009418033525,-0.13071318620018474,FALSE,FALSE
E00052630,Portsmouth,E00086045,1,1,208.63878826580202,208.63878826580202,E08000031,Wolverhampton,0.036628060163684535,0.036628060163684535,7,0.5886217954438784,16070.242126212206,9446.309699552343,0.16988837446053154,-0.015060374493002788,FALSE,FALSE
E00068971,Birmingham,"E00175655, E00175666",2,2,59.0644666888807,58.67768109229499,E06000016,Leicester,0.03658640542814508,0.03658640542814508,8,0.5585806552819134,15267.43741958892,8145.101889970188,0,0,FALSE,FALSE
E00079407,Bradford,E00176111,1,1,229.64388452149768,229.64388452149768,E06000032,Luton,0.03658397886368661,0.03658397886368661,11,0.45232530194624887,12364.02698655691,12136.460106057955,0.8819913418140116,0.019331316584580163,FALSE,FALSE
E00059080,Bradford,E00053631,1,1,18.519847744458787,18.519847744458787,E08000035,Leeds,0.03654081867923774,0.03654081867923774,29,0.8199951322046845,22440.524373653414,8812.063101994985,0.12028607991221503,0.04227722724957913,FALSE,FALSE
E00024934,Bradford,E00177769,1,1,48.50517390161491,48.50517390161491,E08000001,Bolton,0.03651150898020985,0.03651150898020985,47,1.4547168880971872,39842.694227885244,7887.923781953335,0.27586879844704815,-0.18273807931392383,FALSE,FALSE
E00081171,Portsmouth,E00086015,1,1,130.41822341217724,130.41822341217724,E06000035,Medway,0.036488287498322024,0.036488287498322024,18,0.5174922836132482,14182.42178773246,8550.689039992569,0.28985939452597453,0.5595270600106657,FALSE,FALSE
E00067604,Portsmouth,E00086036,1,1,351.2433622615726,351.2433622615726,E06000014,York,0.03645844618913671,0.03645844618913671,35,0.7464372224911445,20473.643298423278,7213.691955922258,0.8297402398194951,-0.01552875741450096,FALSE,FALSE
E00063263,Portsmouth,E00086045,1,1,307.79259403647194,307.79259403647194,E06000007,Warrington,0.03644420417711069,0.03644420417711069,34,0.5906328907584509,16206.497139795043,9603.721851054237,0.16748305342930075,-0.01506037450044105,FALSE,FALSE
E00090733,Bristol,E00178055,1,1,206.95595676213244,206.95595676213244,E07000008,Cambridge,0.03643740300545219,0.03643740300545219,30,0.866636773535304,23784.262929101387,8590.074324264144,0.517649393263053,-0.04167929277979389,FALSE,FALSE
E00033832,Bradford,E00054621,1,1,89.66357811096815,89.66357811096815,E08000012,Liverpool,0.036400694475502704,0.036400694475502704,15,0.615061777240375,16896.979195116877,6758.112820225326,0.9220520945790487,-0.039523543829626674,FALSE,FALSE
E00085861,Bath,E00072574,1,1,165.46704174816495,165.46704174816495,E06000043,Brighton and Hove,0.036317728720818995,0.036317728720818995,11,0.6242542023309243,17188.69060148778,9499.492731279479,0.31895980716914496,-0.04587967623516411,FALSE,FALSE
E00113549,Sheffield,E00185189,1,1,181.79461121928102,181.79461121928102,E07000081,Gloucester,0.036286191305758435,0.036286191305758435,14,0.5934082686440006,16353.556195627225,6779.438435054523,0.16851804277771587,-0.11410202786318427,FALSE,FALSE
E00026815,Portsmouth,E00174453,1,1,298.3314566144302,298.3314566144302,E08000003,Manchester,0.0362691715812686,0.0362691715812686,10,0.6297972953430473,17364.534889688777,9126.20789417056,0.3089343213105114,-0.07762307789327606,FALSE,FALSE
E00136486,Bath,E00072576,1,1,285.5553333150418,285.5553333150418,E07000148,Norwich,0.03620835540588014,0.03620835540588014,11,0.3377040079326909,9326.687283837495,7594.932079001322,0.2897892761151519,-0.025922042115298288,FALSE,FALSE
E00085530,Newcastle,E00175558,1,1,472.3029976404786,472.3029976404786,E06000043,Brighton and Hove,0.03618520628899941,0.03618520628899941,33,0.9964332083586411,27537.032686796225,11800.402534386307,4.053303288288561,-0.03876802216467591,FALSE,TRUE
E00153013,Bristol,E00174298,1,1,265.47360621248555,265.47360621248555,E07000202,Ipswich,0.03617033256850141,0.03617033256850141,20,0.475444436331401,13144.59676119863,9731.732472555032,1.1551171031417706,-0.0010380289902672398,FALSE,FALSE
E00076073,Birmingham; Newcastle,"E00046393, E00175551",2,2,537.9923675988316,408.63215364666337,E06000026,Plymouth,0.036101897089456374,0.036101897089456374,14,0.8323134921757834,23054.56386719528,7866.622612553586,1.2592406705557122,-0.013233220792542731,FALSE,TRUE
E00053056,Bradford,E00054622,1,1,135.5684761149184,135.5684761149184,E08000031,Wolverhampton,0.036075982122436984,0.036075982122436984,13,0.42647890084714696,11821.685114482414,8925.60593103677,0.23447818825588446,-0.0955990486265829,FALSE,FALSE
E00177448,Bradford,E00053561,1,1,139.91295778248514,139.91295778248514,E08000028,Sandwell,0.03596321526213153,0.03596321526213153,33,0.8934599346117511,24843.71678392573,6562.260862379087,0.33577331045108766,0.267374787781037,FALSE,FALSE
E00145607,Portsmouth,E00086035,1,1,105.58999052787206,105.58999052787206,E07000178,Oxford,0.03587633564205983,0.03587633564205983,25,0.7929807573318156,22103.170324958162,9727.860823970212,0.46068457099664234,-0.015953467050776805,FALSE,FALSE
E00058862,Birmingham; Sheffield,"E00047468, E00172429",2,2,150.4374568764986,98.7522178544484,E08000035,Leeds,0.03581905378680071,0.03581905378680071,28,0.8090219136713829,22586.35637018158,7677.478071778022,0.5887071684358098,-0.03999825163006085,FALSE,FALSE
E00039354,Bradford,E00053595,1,1,47.68255911071041,47.68255911071041,E08000018,Rotherham,0.035783400416223334,0.035783400416223334,30,0.9003177647934121,25160.207088234958,12016.74505492352,0.5403519946222878,0.006266348543723244,FALSE,FALSE
E00090651,Birmingham; Portsmouth,"E00086366, E00175733",2,2,177.8177426737832,159.87791106184028,E07000008,Cambridge,0.03571237943413435,0.03571237943413435,18,0.5526220142024023,15474.242348416557,7420.396069904813,0.44875067157417264,-0.09878959450254748,FALSE,FALSE
E00044967,Bradford,E00054399,1,1,122.20496579892743,122.20496579892743,E08000024,Sunderland,0.035576878829292835,0.035576878829292835,28,0.8497262369133044,23884.226634677907,7083.252052805472,0.1746627249490738,-0.17053782568546266,FALSE,FALSE
E00068086,Bristol,"E00174294, E00174295",2,2,179.09743974278604,178.8824898741352,E06000015,Derby,0.035438397531486525,0.035438397531486525,17,0.7547668475616264,21297.995963023623,13177.796755202517,1.0625036096786455,0.013447625325414226,FALSE,FALSE
E00185509,Bristol,E00178114,1,1,296.63236518717537,296.63236518717537,E06000014,York,0.0352871741775212,0.0352871741775212,22,0.5834982683244018,16535.70403197955,9040.111809327336,1.0421761863086048,-0.017439929017545652,FALSE,FALSE
E00069753,Newcastle,E00042825,1,1,222.30515770247385,222.30515770247385,E06000018,Nottingham,0.035281426777320914,0.035281426777320914,14,0.7295230635309051,20677.25515000562,6547.35426256877,0.2597765711240897,0.033404299311398926,FALSE,FALSE
E00153016,Birmingham,E00186108,1,1,210.8761618982509,210.8761618982509,E07000202,Ipswich,0.035268576826106755,0.035268576826106755,11,0.5318864088234567,15081.028402306836,7457.063019489924,0.3729847138580447,0.056297991018451905,FALSE,FALSE
E00183376,Bath,E00072636,1,1,253.63967999578628,253.63967999578628,E07000202,Ipswich,0.03522473387829831,0.03522473387829831,32,0.7468804151956314,21203.294758055752,5933.330844232816,0.19689095738503457,-0.03147833749213192,FALSE,FALSE
E00181180,Birmingham,E00175626,1,1,280.1994848644385,280.1994848644385,E06000026,Plymouth,0.035213962975647536,0.035213962975647536,25,0.7476450489573947,21231.494151181843,9996.034818444834,0.5982932684751725,-0.020537230240495606,FALSE,FALSE
E00177102,Birmingham; Newcastle,"E00175576, E00175768",2,2,352.8833400067366,237.24170508586246,E06000032,Luton,0.035163468108156466,0.035163468108156466,32,0.8295728404443509,23591.89480095464,8503.143065420341,1.0211213032797262,-0.05615319275223705,FALSE,FALSE
E00072270,Bradford,E00177825,1,1,95.16209704732753,95.16209704732753,E06000021,Stoke-on-Trent,0.03510352502489416,0.03510352502489416,38,0.9244915426128417,26336.145499838705,8432.201603402718,0.16225134907785407,-0.28184252368480545,FALSE,FALSE
E00178680,Birmingham; Bradford; Newcastle,"E00177865, E00186174, E00189947",3,3,146.64701192989284,98.5240078507972,E08000034,Kirklees,0.03504435430743452,0.03504435430743452,41,1.172836176509242,33467.19320950449,7704.522036027942,0.8946824978771715,0.06891629725968094,FALSE,FALSE
E00057606,Bradford,E00054414,1,1,20.034394505454177,20.034394505454177,E08000035,Leeds,0.03501906415509153,0.03501906415509153,20,0.8519132152147937,24327.12683131286,6739.186374450478,0.11369526645455191,-0.045739854248512804,FALSE,FALSE
E00044576,Portsmouth,E00086051,1,1,453.71389309386035,453.71389309386035,E08000024,Sunderland,0.0350153766666837,0.0350153766666837,13,0.5371581200003501,15340.635204745442,7482.427006112625,0.1861649229093564,1.098612281020148,FALSE,FALSE
E00068946,Birmingham,E00046660,1,1,55.42628136467442,55.42628136467442,E06000016,Leicester,0.03494096563913475,0.03494096563913475,22,0.522308876888355,14948.324046985013,8013.516366198908,1.2304883727591287,-0.03974530858993382,FALSE,FALSE
E00063646,Portsmouth,E00086049,1,1,340.72561284127505,340.72561284127505,E06000008,Blackburn with Darwen,0.03477589241272786,0.03477589241272786,24,0.4813403314912538,13841.207172445842,9316.799009920363,0.28977729659151663,-0.015060374982702546,FALSE,FALSE
E00069878,Bradford,E00053634,1,1,95.09050513551448,95.09050513551448,E06000018,Nottingham,0.034693512840734124,0.034693512840734124,35,0.8253204042892173,23788.89702169904,5447.704326386129,0.6671239401553148,-0.06147724348166803,FALSE,FALSE
E00077246,Birmingham,"E00175616, E00175747",2,2,194.17612870138288,194.11504697699797,E06000058,"Bournemouth, Christchurch and Poole",0.034598654763447007,0.034598654763447007,4,0.3056176911068233,8833.224678715085,8555.245919928651,2.158181673355604,0.07098339042318219,FALSE,FALSE
E00044569,Bradford,E00054223,1,1,124.74616751360936,124.74616751360936,E08000024,Sunderland,0.03447166787305614,0.03447166787305614,24,0.6586646696161941,19107.42097080315,8354.687132069625,0.07591116133363454,0.6931376400107759,FALSE,FALSE
E00080240,Bradford,E00053632,1,1,299.8436109726935,299.8436109726935,E06000033,Southend-on-Sea,0.034461685334050446,0.034461685334050446,14,0.5380755139567192,15613.731851502476,8937.46190920255,0.0929237601472083,-0.20847762944635564,FALSE,FALSE
E00034201,Bradford,E00054648,1,1,90.26670850372024,90.26670850372024,E08000012,Liverpool,0.03442289976802607,0.03442289976802607,38,1.0040669188634739,29168.574571864156,7349.758495215462,0.13702771938322159,0.04866540789904452,FALSE,FALSE
E00048425,Bradford,E00053567,1,1,151.34333462432485,151.34333462432485,E08000026,Coventry,0.034403269253435544,0.034403269253435544,10,0.46046479716952093,13384.332569601316,10900.126881475142,0.43434373535045645,0.05363532291578261,FALSE,FALSE
E00025902,Bradford,E00176108,1,1,49.921224219004436,49.921224219004436,E08000003,Manchester,0.0343373902269994,0.0343373902269994,14,0.623501425716278,18158.090105112893,10484.198059901853,0.22233148840156836,0.05760306287244824,FALSE,FALSE
E00167840,Bradford,E00053583,1,1,282.1555162179497,282.1555162179497,E07000084,Basingstoke and Deane,0.034313609999682755,0.034313609999682755,35,0.9190788748379602,26784.674502229802,4254.87146357815,0.14361933846349373,-0.017318551070192457,FALSE,FALSE
E00036092,Portsmouth,E00086015,1,1,318.853503416681,318.853503416681,E08000015,Wirral,0.03424788532947865,0.03424788532947865,28,0.6276719759502747,18327.32064802874,8058.891734329499,0.22140226953673858,0.5710529628008849,FALSE,FALSE
E00090743,Bristol,E00073471,1,1,207.49457625448278,207.49457625448278,E07000008,Cambridge,0.034245252235806545,0.034245252235806545,22,0.5762317955703498,16826.61852225596,7154.276403425934,0.689390108379574,0.0057656881445964075,FALSE,FALSE
E00081378,Bradford,E00176168,1,1,316.004948260127,316.004948260127,E06000035,Medway,0.034231614177707,0.034231614177707,18,0.7949602315580143,23222.984093917614,8559.339284409594,0.06289622803144099,-0.015060374493010236,FALSE,FALSE
E00081001,Portsmouth,E00086045,1,1,129.67168843767237,129.67168843767237,E06000035,Medway,0.03417085136248171,0.03417085136248171,15,0.5963404095071926,17451.72817560968,10037.79497213818,0.16768945790985154,-0.015060374493001887,FALSE,FALSE
E00033906,Bradford,"E00054633, E00177761",2,2,90.7851031098518,89.18124584666946,E08000012,Liverpool,0.03406700558500137,0.03406700558500137,25,0.859804402316793,25238.625689348457,5753.367419128044,0.33740580906343415,-0.1802596111605217,FALSE,FALSE
E00138505,Bradford,E00054581,1,1,183.94308859433636,183.94308859433636,E06000062,West Northamptonshire,0.03399218452672576,0.03399218452672576,40,0.9628662948338051,28326.10814043941,7560.561451940172,0.23638951869146765,-0.08200958746391641,FALSE,FALSE
E00076635,Bradford,E00176159,1,1,414.07924456602666,414.07924456602666,E06000026,Plymouth,0.03398507368907827,0.03398507368907827,19,0.8130028412842677,23922.350403657976,9327.62432414186,0.060362027668290796,-20.43273314479541,FALSE,FALSE
E00101271,Bristol,E00178048,1,1,103.1596109117778,103.1596109117778,E07000041,Exeter,0.03398435355710494,0.03398435355710494,24,0.6692113186342822,19691.74777768793,11034.489720979278,0.821862967175201,-0.04859708539807936,FALSE,FALSE
E00027508,Bristol; Newcastle,"E00178043, E00189969",2,2,235.38101286993864,198.7247576335999,E08000004,Oldham,0.03395708158189105,0.03395708158189105,32,1.014139658666613,29865.336225108425,11838.473192418936,0.1320271807297659,0.08114312431335335,FALSE,FALSE
E00050675,Portsmouth,E00086048,1,1,199.11503247392363,199.11503247392363,E08000028,Sandwell,0.03393705233535078,0.03393705233535078,18,0.6647812474137219,19588.656104974907,10254.278909117374,0.7496187684877132,-0.08792697133642623,FALSE,FALSE
E00026506,Bradford,E00054134,1,1,45.609894393971544,45.609894393971544,E08000003,Manchester,0.03388585350805017,0.03388585350805017,31,1.1099342270957504,32755.091349021688,16142.429461605583,0.2113305403814392,0.2633475340900336,FALSE,FALSE
E00062943,Portsmouth,E00086022,1,1,306.6065548003934,306.6065548003934,E06000007,Warrington,0.03379366953958527,0.03379366953958527,26,0.5955738630721206,17623.829290704183,5947.859547024107,0.24222352414167428,0.08673313939193027,FALSE,FALSE
E00173520,Bristol; Newcastle; Sheffield,"E00178072, E00185257, E00189936",3,3,227.51361809946167,157.79239829571077,E06000018,Nottingham,0.03375735823496947,0.03375735823496947,22,0.8336537063533932,24695.466409151824,10131.124527562111,0.6570276072974249,-0.010322208473512055,FALSE,FALSE
E00169751,Bradford,E00054523,1,1,16.367391443891734,16.367391443891734,E08000035,Leeds,0.03373572871639618,0.03373572871639618,28,0.8194030760447559,24288.880282776023,7469.825303566761,0.8942576876047468,-0.12499500495485252,FALSE,FALSE
E00132920,Portsmouth,E00086048,1,1,271.5086204672594,271.5086204672594,E07000138,Lincoln,0.03368445755803119,0.03368445755803119,32,0.9288469961964474,27574.942971732307,9885.864999497513,0.7290667922413959,-0.09337584838691315,FALSE,FALSE
E00087104,Portsmouth,E00086055,1,1,28.855120787863633,28.855120787863633,E06000045,Southampton,0.03361570646746363,0.03361570646746363,15,0.37204935812454026,11067.723907115973,8597.171690552472,0.3788489266868136,-0.07072669656514921,FALSE,FALSE
E00090830,Sheffield,E00185188,1,1,168.7947527599121,168.7947527599121,E07000008,Cambridge,0.03350190913343258,0.03350190913343258,27,0.7919536686337293,23639.060851114737,8178.6383847172165,1.1745327243760733,-0.036928847240254484,FALSE,FALSE
E00033036,Birmingham,E00186195,1,1,123.9306317120345,123.9306317120345,E08000012,Liverpool,0.03330592077881026,0.03330592077881026,11,0.5370267552472894,16124.06270986371,6455.308695046987,0.18052918044159094,0.01506037449882609,FALSE,FALSE
E00067354,Portsmouth,E00086031,1,1,351.9562580973896,351.9562580973896,E06000014,York,0.033272046905986744,0.033272046905986744,17,0.6929081455483626,20825.5340438248,7123.096474036163,0.1306861531095678,-0.15596812854020164,FALSE,FALSE
E00085047,Birmingham,E00186297,1,1,220.08470296446424,220.08470296446424,E06000043,Brighton and Hove,0.03327089583971072,0.03327089583971072,40,0.9633804503980818,28955.65106029493,10760.155113488303,0.6737940340514227,0.008172947961514803,FALSE,FALSE
E00136640,Portsmouth,E00086029,1,1,260.4613714762026,260.4613714762026,E07000148,Norwich,0.033151366214600464,0.033151366214600464,9,0.3876237061796304,11692.540924871864,6726.721262600235,0.8859868334287322,-0.04215263729834616,FALSE,FALSE
E00138492,Portsmouth,E00086056,1,1,161.56395294157292,161.56395294157292,E06000062,West Northamptonshire,0.033145884676910355,0.033145884676910355,17,0.7756671311516178,23401.611956127777,12701.425956908353,0.8381668809850845,0.025389261535474023,FALSE,FALSE
E00136553,Portsmouth,E00086041,1,1,261.66434187211854,261.66434187211854,E07000148,Norwich,0.03311778592978977,0.03311778592978977,14,0.5353959522039644,16166.41744526679,8635.843006121378,0.18677765416109088,0.030258747516467517,FALSE,FALSE
E00080440,Bradford,E00176199,1,1,299.41399693355874,299.41399693355874,E06000033,Southend-on-Sea,0.033003373496492974,0.033003373496492974,16,0.5175658618295923,15682.210846857526,11544.274406993154,0.9229578981723472,-0.013818421507165871,FALSE,FALSE
E00083389,Bradford,E00054414,1,1,271.3812660751829,271.3812660751829,E06000039,Slough,0.03295889997368981,0.03295889997368981,10,0.4204597422829258,12757.092700865847,14169.162210292012,0.11427372270915062,-0.04573985412395909,FALSE,FALSE
E00048704,Portsmouth,E00086015,1,1,182.48696111048133,182.48696111048133,E08000026,Coventry,0.03295394215776778,0.03295394215776778,14,0.7425924891977354,22534.25358467149,10074.66719491532,0.3366584009893355,0.48521460823756196,FALSE,FALSE
E00065029,Bradford,E00053640,1,1,89.84070966542373,89.84070966542373,E06000010,"Kingston upon Hull, City of",0.03290824921559822,0.03290824921559822,28,0.816182271889233,24801.75309667856,13978.258064909878,0.30630412912708843,0.19676534952238503,FALSE,FALSE
E00086833,Portsmouth,E00086022,1,1,26.10568224250762,26.10568224250762,E06000045,Southampton,0.03282652402198501,0.03282652402198501,51,1.0029696964991657,30553.636925659375,9778.677748061771,0.242879222423449,0.08316985566027676,FALSE,FALSE
E00027160,Bradford,E00054142,1,1,38.840992914052585,38.840992914052585,E08000004,Oldham,0.032755973851592395,0.032755973851592395,44,1.3051837320602044,39845.67022716543,10868.246555969621,0.17690114757678405,-0.03379009063583985,FALSE,FALSE
E00113595,Portsmouth,E00174456,1,1,143.3708082630869,143.3708082630869,E07000081,Gloucester,0.032743353370879545,0.032743353370879545,21,0.6446162924760831,19686.93570186906,5375.136688245451,0.07660681334986921,-0.40444429923911634,FALSE,FALSE
E00173831,Portsmouth,E00086016,1,1,260.81974638310487,260.81974638310487,E07000148,Norwich,0.03273216287932638,0.03273216287932638,27,0.6903403796115017,21090.582438947855,10509.540761734088,0.3555724208659781,-0.005288031159110305,FALSE,FALSE
E00085879,Bradford,E00054486,1,1,346.63959050070457,346.63959050070457,E06000043,Brighton and Hove,0.032706237185168546,0.032706237185168546,19,0.6134472112204253,18756.275989419173,8041.2796651295575,0.7335594518471206,-0.06346678082150628,FALSE,FALSE
E00136531,Bristol,E00178055,1,1,298.61909906694126,298.61909906694126,E07000148,Norwich,0.03264546126503544,0.03264546126503544,24,0.7463936443747324,22863.626839733126,9373.431654578517,0.5264534377555884,-0.09277036367477083,FALSE,FALSE
E00034886,Newcastle,E00175587,1,1,183.40195139451802,183.40195139451802,E08000013,St. Helens,0.03261540046382626,0.03261540046382626,29,0.928666967581707,28473.26583071367,6745.27974120698,0,0,FALSE,FALSE
E00064376,Portsmouth,E00174455,1,1,333.068123557706,333.068123557706,E06000010,"Kingston upon Hull, City of",0.032450259145976976,0.032450259145976976,14,0.555020039371975,17103.716703007703,7950.629880624099,1.4358175263396422,0.0689637513628949,FALSE,FALSE
E00078914,Birmingham,E00186121,1,1,112.02265842982109,112.02265842982109,E06000031,Peterborough,0.032424816661316726,0.032424816661316726,16,0.4847888716536707,14951.167703348368,11256.809986390772,2.9882730085333447,-0.03167053983164815,FALSE,FALSE
E00069395,Bristol,E00178048,1,1,166.17091086218838,166.17091086218838,E06000016,Leicester,0.0323307596491031,0.0323307596491031,13,0.7355402292048013,22750.477786104424,17939.572292607423,0.8062828876690471,-0.13765454154972834,FALSE,FALSE
E00170849,Bristol,"E00073467, E00178047",2,2,269.47594960735796,269.3650185943098,E07000202,Ipswich,0.032298876471239954,0.032298876471239954,29,0.7850876403130045,24306.96439277304,5603.910097652119,0.3184357862267812,-0.009027469476049705,FALSE,FALSE
E00068495,Bristol,E00174293,1,1,178.03209837294108,178.03209837294108,E06000015,Derby,0.03223336954880715,0.03223336954880715,25,0.7740007073649228,24012.404480175293,13991.711270430615,0.9008673937441933,-0.017720841216109652,FALSE,FALSE
E00101136,Portsmouth,E00179966,1,1,173.18554093729026,173.18554093729026,E07000041,Exeter,0.03221129450335642,0.03221129450335642,29,0.6953102914544276,21585.91581539749,7047.217552102619,0.14382068154179517,0.015060374501493012,FALSE,FALSE
E00077255,Birmingham,E00046371,1,1,195.70966999673982,195.70966999673982,E06000058,"Bournemouth, Christchurch and Poole",0.032074639844265763,0.032074639844265763,23,0.74626933537151,23266.64738855755,10600.274910359889,0.948677597274658,-0.0323951651031811,FALSE,FALSE
E00060767,Bradford,E00176144,1,1,91.31573243668836,91.31573243668836,E06000002,Middlesbrough,0.03183336517583625,0.03183336517583625,21,0.5683985772731891,17855.434828632046,8952.870625702335,0.1738586336265647,0.2818425228087741,FALSE,FALSE
E00082915,Sheffield,E00185199,1,1,216.6366662042992,216.6366662042992,E06000038,Reading,0.0317443713713873,0.0317443713713873,26,0.8834356474238424,27829.678436162845,13419.70187458095,0.8542404896164856,-0.09764980255928889,FALSE,FALSE
E00069380,Birmingham,E00175673,1,1,58.50081944508285,58.50081944508285,E06000016,Leicester,0.03169644879186016,0.03169644879186016,8,0.44698038630131687,14101.907416710483,10285.063861277695,0.10906183245172156,0.28184252323892156,FALSE,FALSE
E00078910,Bristol,E00174277,1,1,204.27464482488037,204.27464482488037,E06000031,Peterborough,0.031671690528914935,0.031671690528914935,16,0.5919679825716138,18690.760508384345,14997.620653256408,0.837021620405049,-0.043746056531884715,FALSE,FALSE
E00068999,Birmingham,E00175657,1,1,58.40658216898423,58.40658216898423,E06000016,Leicester,0.03164878324444799,0.03164878324444799,18,0.33916006050261444,10716.369658922411,7804.407458328755,0.7270298856374312,0.05118533880354178,FALSE,FALSE
E00132737,Portsmouth,E00174453,1,1,273.72216423496957,273.72216423496957,E07000138,Lincoln,0.03163790815948581,0.03163790815948581,16,0.7945921305232898,25115.191766717733,8660.496724965938,0.29352480479060555,-0.08164269831534209,FALSE,FALSE
E00085148,Birmingham; Newcastle,"E00186274, E00189974",2,2,470.2869345122938,344.46777203733893,E06000043,Brighton and Hove,0.031603392746848646,0.031603392746848646,14,0.5370254684932236,16992.65242801419,9777.43125477603,1.3965818085021862,-0.056295328587868974,FALSE,FALSE
E00044846,Bradford,"E00054633, E00177761",2,2,126.13582475305806,125.02692547851584,E08000024,Sunderland,0.03152466532574454,0.03152466532574454,25,1.3064161943230705,41441.08052611708,9103.982454196655,0.337157486193159,-0.213787778726948,FALSE,FALSE
E00166515,Birmingham,E00175657,1,1,103.42644182436592,103.42644182436592,E06000030,Swindon,0.03134734258142405,0.03134734258142405,21,0.6001644554557699,19145.62466967832,6635.331191463023,0.7337322228881198,0.04411465534524364,FALSE,FALSE
E00058748,Portsmouth,E00086058,1,1,338.50972373676046,338.50972373676046,E08000035,Leeds,0.031311186451409886,0.031311186451409886,14,0.35525100623146544,11345.81746950918,8974.428370386682,0.1407455548976609,-0.6931376400107768,FALSE,FALSE
E00185133,Bradford,E00176126,1,1,152.92662231748835,152.92662231748835,E08000026,Coventry,0.03127517831354402,0.03127517831354402,11,0.3040511174956804,9721.802844654228,5979.182536555446,0.3275863638337558,-0.4044443007364409,FALSE,FALSE
E00027000,Bradford,E00054162,1,1,37.54265820062258,37.54265820062258,E08000004,Oldham,0.031072921504840954,0.031072921504840954,33,1.0240041154199404,32954.870859516945,14482.06278028582,0.09318566064636134,0.024698510632114215,FALSE,FALSE
E00113330,Portsmouth,E00086055,1,1,142.52533090545407,142.52533090545407,E07000081,Gloucester,0.03094292771013774,0.03094292771013774,9,0.5231403823808974,16906.622000396637,9662.951185515632,0.3805613305819033,-0.06920141948403424,FALSE,FALSE
E00086836,Portsmouth,E00086370,1,1,26.155125761292666,26.155125761292666,E06000045,Southampton,0.030815332016558387,0.030815332016558387,14,0.536734304212223,17417.768009892377,11422.88519918771,0.4169604928242324,-0.1513253061066165,FALSE,FALSE
E00048839,Birmingham,E00175733,1,1,27.315991348438683,27.315991348438683,E08000026,Coventry,0.030810918444865675,0.030810918444865675,37,1.01743198514035,33021.79994929345,11521.889574153773,0.4422900071673338,-0.09759433521603716,FALSE,FALSE
E00181856,Birmingham,E00175676,1,1,18.308049328155615,18.308049328155615,E08000031,Wolverhampton,0.030802814908556755,0.030802814908556755,11,0.4397579523568129,14276.550817264819,4382.716332931578,0.7958923724385893,0.14948015999060424,FALSE,FALSE
E00079398,Bristol,E00174277,1,1,157.14646807760784,157.14646807760784,E06000032,Luton,0.030781181124362747,0.030781181124362747,10,0.5335592964224842,17333.944862829896,17055.875727409042,0.834527676652878,-0.06885562739936138,FALSE,FALSE
E00145440,Portsmouth,E00086036,1,1,106.22826574565116,106.22826574565116,E07000178,Oxford,0.030773081573751637,0.030773081573751637,17,0.4792656887057936,15574.18575572849,8286.462939659124,0.8748487736149753,-0.015411433693314205,FALSE,FALSE
E00180789,Bristol; Newcastle; Sheffield,"E00178072, E00185257, E00189936",3,3,226.79779813495873,149.90385560795477,E08000003,Manchester,0.03070353203225089,0.03070353203225089,18,0.5666059796167309,18454.09769213424,11171.353173299864,0.6573801078695878,-5.656739797940457e-4,FALSE,FALSE
E00064347,Bath,E00072757,1,1,296.2714254390303,296.2714254390303,E06000010,"Kingston upon Hull, City of",0.030602400125265734,0.030602400125265734,15,0.31753578433617735,10376.172556283118,8757.483037375743,0.31492513578919756,0.0955990486265829,FALSE,FALSE
E00112581,Bristol,E00073463,1,1,63.36083569693735,63.36083569693735,E07000078,Cheltenham,0.030546842352610546,0.030546842352610546,10,0.39257631379792124,12851.61684688406,11916.12526749078,0.12736377168628038,0.28184252323893494,FALSE,FALSE
E00174515,Newcastle,E00190011,1,1,394.6742042250937,394.6742042250937,E06000038,Reading,0.030542842463681007,0.030542842463681007,23,0.7618653141706779,24944.152302675313,15781.11141990645,0.5045668740260848,-0.045819939501413075,FALSE,FALSE
E00053146,Bradford,E00054167,1,1,134.9859814922513,134.9859814922513,E08000031,Wolverhampton,0.030528262358199804,0.030528262358199804,9,0.6176506900141453,20232.094534795757,14838.70895384668,0.4857114301825348,-0.025168571656088944,FALSE,FALSE
E00060707,Portsmouth,E00086049,1,1,419.13446688452467,419.13446688452467,E06000002,Middlesbrough,0.030499094240421843,0.030499094240421843,29,1.2631753236499534,41416.814338565164,10360.96342760208,0.2988472723716779,-0.021296941747710935,FALSE,FALSE
E00138118,Newcastle,E00189969,1,1,306.90260342876905,306.90260342876905,E06000062,West Northamptonshire,0.03034853684261348,0.03034853684261348,20,0.7443731104192788,24527.47934042334,15124.287618225517,0.1304251841463154,0.07820968078815242,FALSE,FALSE
E00063407,Bradford,E00054350,1,1,46.129171431641865,46.129171431641865,E06000008,Blackburn with Darwen,0.030322707768380294,0.030322707768380294,28,0.5667342738389799,18690.09450501499,11146.761779383613,0.41124475924358633,-0.14128329882994634,FALSE,FALSE
E00166944,Bradford,E00054211,1,1,318.2121128334949,318.2121128334949,E06000045,Southampton,0.030300987852101068,0.030300987852101068,21,0.7616788171839505,25137.095229426184,9405.633948011306,0.12955395079100446,0.017489843277788988,FALSE,FALSE
E00187520,Birmingham,E00175639,1,1,75.09755391279899,75.09755391279899,E06000018,Nottingham,0.0302419652642319,0.0302419652642319,15,0.49195271029741944,16267.220268229956,26122.640942728587,0.7806055174852736,-0.0425734356354606,FALSE,FALSE
E00090570,Portsmouth,E00086051,1,1,178.97795139341628,178.97795139341628,E07000008,Cambridge,0.03022454389617051,0.03022454389617051,23,0.54441437145284,18012.327111471088,8304.50910565443,0.1836836153555923,0.6931376421230134,FALSE,FALSE
E00080081,Birmingham,E00186257,1,1,209.5828875853426,209.5828875853426,E06000033,Southend-on-Sea,0.030219186723924794,0.030219186723924794,21,0.6124897600525895,20268.241023431514,11846.778117181038,0.6327909873411138,-0.06854925114718838,FALSE,FALSE
E00056999,Bradford,E00054426,1,1,16.357788566424905,16.357788566424905,E08000035,Leeds,0.03011616711789553,0.03011616711789553,25,0.9662185715401567,32083.052526495427,9895.017477935411,0.14433587193185507,0.19819796359630643,FALSE,FALSE
E00068866,Bradford,E00177851,1,1,136.25323738057534,136.25323738057534,E06000016,Leicester,0.03004643350127258,0.03004643350127258,19,0.6675138618324712,22216.076387375542,12081.300763520754,0.5071932125433066,-0.0786376021948145,FALSE,FALSE
E00033829,Bradford,E00054155,1,1,89.6036726411245,89.6036726411245,E08000012,Liverpool,0.029955188113587907,0.029955188113587907,18,0.9024876409026327,30127.92433419095,7344.303736827687,0.4839467935130655,0.0018781425196497169,FALSE,FALSE
E00048756,Birmingham,E00175658,1,1,28.870544875074476,28.870544875074476,E08000026,Coventry,0.029828159341185847,0.029828159341185847,20,0.49010525408698247,16430.958695136764,13812.451358040136,0.5099894316897894,-0.1752617769299673,FALSE,FALSE
E00057643,Sheffield,E00172416,1,1,48.101264360934785,48.101264360934785,E08000035,Leeds,0.029715314238201593,0.029715314238201593,14,0.5703650737228639,19194.314054724367,13292.80911632405,0.3351537616990959,-0.6866430410215578,FALSE,FALSE
E00083257,Sheffield,"E00172412, E00185261",2,2,213.89207483393218,213.4546607772637,E06000039,Slough,0.029709705713921286,0.029709705713921286,10,0.34732477320758404,11690.616411755153,11275.776449142904,0.26397195671730456,-0.32965943958413674,FALSE,FALSE
E00085060,Bath,E00072572,1,1,165.15955265234436,165.15955265234436,E06000043,Brighton and Hove,0.029632265895938734,0.029632265895938734,17,0.530286063122762,17895.562390841013,6681.905484222082,0.18857746215527044,0.030258747516493857,FALSE,FALSE
E00077490,Birmingham,E00186158,1,1,193.43093642030416,193.43093642030416,E06000058,"Bournemouth, Christchurch and Poole",0.029585511703392606,0.029585511703392606,2,0.1373294948462145,4641.781971628592,9261.289875496055,0.670089117440139,0.14601058334576722,FALSE,FALSE
E00187781,Portsmouth,E00086042,1,1,176.45662120543534,176.45662120543534,E07000008,Cambridge,0.02954952499629751,0.02954952499629751,22,0.5723357824739793,19368.696537277392,21049.407734233806,0.5210996920563138,-0.013815649994030128,FALSE,FALSE
E00044853,Bradford,E00176174,1,1,127.31704873755581,127.31704873755581,E08000024,Sunderland,0.029457690158258484,0.029457690158258484,43,1.0495821744171552,35630.158670906654,7298.603483332674,0.23819002084217733,-0.10654694477603473,FALSE,FALSE
E00168094,Portsmouth,E00174464,1,1,203.4044262847691,203.4044262847691,E06000016,Leicester,0.029367686765510357,0.029367686765510357,21,0.6418210628840434,21854.66863661196,7252.869512696821,0.993024437584012,-0.013034148839429988,FALSE,FALSE
E00085266,Newcastle,E00175558,1,1,470.9272633152491,470.9272633152491,E06000043,Brighton and Hove,0.02936605655105645,0.02936605655105645,27,0.8679817440129163,29557.313645563027,17230.77796027048,2.6954754706974398,-0.028227964174929947,FALSE,FALSE
E00185079,Sheffield,E00172417,1,1,109.26240213415959,109.26240213415959,E08000026,Coventry,0.029068851452440692,0.029068851452440692,24,0.5153570804522751,17728.84220401506,5882.585360476718,0.09702010876831307,-0.04573985412397102,FALSE,FALSE
E00068090,Birmingham,E00045212,1,1,54.898325727971496,54.898325727971496,E06000015,Derby,0.029020051566180163,0.029020051566180163,11,0.45474540183945567,15670.041136984535,14300.457015163925,0.20140280611860717,0.14561894188358968,FALSE,FALSE
E00070271,Newcastle,E00190004,1,1,227.31766955962297,227.31766955962297,E06000018,Nottingham,0.028969844878991017,0.028969844878991017,19,0.5918532655271883,20429.977032994106,8733.219009518274,0.23424640544393724,0.3650072817816291,FALSE,FALSE
E00064588,Portsmouth,E00086043,1,1,332.9957887028458,332.9957887028458,E06000010,"Kingston upon Hull, City of",0.0289051405992363,0.0289051405992363,11,0.4026012216407341,13928.360606257393,9652.262338671047,0.12419237029692395,-0.20847762944635573,FALSE,FALSE
E00084853,Bradford,E00054574,1,1,204.54856446532014,204.54856446532014,E06000042,Milton Keynes,0.028852622080871835,0.028852622080871835,18,0.6858997641673814,23772.527926399667,9635.17281794306,0.06974561371670902,-20.41349357113681,FALSE,FALSE
E00070272,Portsmouth,E00086370,1,1,237.61920829819888,237.61920829819888,E06000018,Nottingham,0.028795234866664045,0.028795234866664045,28,0.8506948960379905,29542.905275026304,10001.65483398834,0.40430241394635136,-0.15612476805566475,FALSE,FALSE
E00085700,Newcastle,E00175585,1,1,470.4807166654853,470.4807166654853,E06000043,Brighton and Hove,0.02878984231285192,0.02878984231285192,16,0.4537850035850425,15761.982947105991,8787.821664693856,1.1000242318639144,0.006051333422978469,FALSE,FALSE
E00068800,Bradford,E00054422,1,1,138.539142260713,138.539142260713,E06000016,Leicester,0.028744881611714606,0.028744881611714606,11,0.46777026132163524,16273.16708554477,12419.60237729799,0.526217719152415,0.008738514692501432,FALSE,FALSE
E00108331,Portsmouth,E00086041,1,1,138.07208330048462,138.07208330048462,E07000066,Basildon,0.02866794337718864,0.02866794337718864,15,0.4735708369954077,16519.177213536448,15696.975331619686,0.18905197069993604,0.033666674738564543,FALSE,FALSE
E00086629,Portsmouth,"E00086037, E00179945",2,2,25.94669013705111,25.65183062673462,E06000045,Southampton,0.028663666414518375,0.028663666414518375,5,0.32624643991466634,11381.88099165918,14199.160502155832,1.0124248408239915,0.034747625704949166,FALSE,FALSE
E00176052,Birmingham; Newcastle,"E00175585, E00175718",2,2,170.03326904228973,142.24934261483367,E08000003,Manchester,0.02859253160626441,0.02859253160626441,32,1.1194293355702891,39151.10949199862,9268.154483457507,1.1155938658368185,0.042519710956419966,FALSE,FALSE
E00145432,Birmingham,E00186158,1,1,93.7587395395684,93.7587395395684,E07000178,Oxford,0.028591000072495314,0.028591000072495314,8,0.35561672113140025,12438.065133423064,11262.285305989195,0.6801015971086312,0.20726534345809086,FALSE,FALSE
E00162220,Birmingham,"E00046390, E00175722",2,2,214.29813651784144,213.50216385583485,E07000229,Worthing,0.02857690543173067,0.02857690543173067,4,0.23303498161146155,8154.661188496242,8153.437066747121,1.0728003077959523,-0.06491576833092988,FALSE,FALSE
E00057855,Bradford,E00053837,1,1,13.129409327431,13.129409327431,E08000035,Leeds,0.02851732817321364,0.02851732817321364,27,0.9378294703492497,32886.30213366742,12238.17315143205,0.30950456258524867,-0.1004140255223199,FALSE,FALSE
E00188457,Bradford,E00177839,1,1,269.67097044170333,269.67097044170333,E06000039,Slough,0.02849994175140129,0.02849994175140129,29,0.8564980221942919,30052.623604122964,13333.360584195443,1.0134425036688481,-0.005000881802400632,FALSE,FALSE
E00173607,Birmingham,E00175747,1,1,121.54486380176091,121.54486380176091,E06000032,Luton,0.028476781152545476,0.028476781152545476,12,0.4842249889791304,17004.203754111677,14678.62528987536,2.1652486423933563,0.07542851354593968,FALSE,FALSE
E00080447,Portsmouth,E00174456,1,1,148.1424670012626,148.1424670012626,E06000033,Southend-on-Sea,0.028447781635692344,0.028447781635692344,19,0.5568481158530337,19574.395043667577,10826.854759513626,0.07684142009612743,-0.4044442945175132,FALSE,FALSE
E00136492,Birmingham,E00186288,1,1,214.85134024162656,214.85134024162656,E07000148,Norwich,0.028413392212867736,0.028413392212867736,8,0.456635640978016,16071.141296927468,9924.897312060088,0.21899298045553642,0.1141020260367868,FALSE,FALSE
E00058821,Newcastle,E00042828,1,1,128.4272498960364,128.4272498960364,E08000035,Leeds,0.028334544968152593,0.028334544968152593,24,0.7459355939011881,26326.012813673322,12775.924243953099,0.059094244007665914,-20.350751338680325,FALSE,FALSE
E00024427,Bradford,E00054400,1,1,50.92264351297473,50.92264351297473,E08000001,Bolton,0.028325086398329587,0.028325086398329587,47,1.0259370119348792,36220.08411580279,9814.621431000982,0.14202187688423953,-0.23198849732460672,FALSE,FALSE
E00080413,Bath,E00073129,1,1,211.79830045049528,211.79830045049528,E06000033,Southend-on-Sea,0.028270854899757426,0.028270854899757426,12,0.43727565711187577,15467.365902529807,10470.146765973454,0.11434434820872647,0.045739854123971045,FALSE,FALSE
E00183019,Bristol,E00178115,1,1,218.6767887218781,218.6767887218781,E08000012,Liverpool,0.028225538590892916,0.028225538590892916,30,0.982637928888757,34813.78843221823,12612.691122034597,0.15005730561077582,0.4649393751612983,FALSE,FALSE
E00179901,Portsmouth,E00086012,1,1,237.84398642490135,237.84398642490135,E06000015,Derby,0.028213217487171757,0.028213217487171757,15,0.42099089789197225,14921.761336983001,12830.865538983544,0.11138483096618554,0.6931376381092041,FALSE,FALSE
E00173644,Portsmouth,E00086020,1,1,273.8341975945565,273.8341975945565,E07000138,Lincoln,0.028205014877103037,0.028205014877103037,16,0.8212138953679585,29115.88236865721,10778.225125021601,0.05938282373820475,-0.1141020260367337,FALSE,FALSE
E00081014,Bradford,E00054402,1,1,313.31243263315304,313.31243263315304,E06000035,Medway,0.028191446338952517,0.028191446338952517,25,0.7842214330406129,27817.708379049822,11634.734736784249,0.06375750252851177,-0.1559681283386856,FALSE,FALSE
E00083387,Bradford,E00054398,1,1,270.71708799415745,270.71708799415745,E06000039,Slough,0.02818796827627311,0.02818796827627311,7,0.4083712661553545,14487.431735159722,14970.926455711018,0.10933678174853281,-0.11410202603649643,FALSE,FALSE
E00145632,Birmingham,E00186099,1,1,92.43525761621738,92.43525761621738,E07000178,Oxford,0.02818481245347776,0.02818481245347776,15,0.539765153639259,19150.922310737486,10395.669670806923,1.0180093996346375,-0.005283707905030858,FALSE,FALSE
E00072153,Bristol,"E00073467, E00178047",2,2,176.55887681875006,176.39708056384515,E06000021,Stoke-on-Trent,0.028140029483421997,0.028140029483421997,13,0.6284178545555423,22331.812229470448,8813.068235984012,0.31825957609280997,-0.0075216410488514,FALSE,FALSE
E00048767,Bradford,E00177843,1,1,154.4040113983588,154.4040113983588,E08000026,Coventry,0.02809750853738183,0.02809750853738183,11,0.39160058680182586,13937.199673089443,11958.355651106032,0.38296673972016826,0.05636150323023611,FALSE,FALSE
E00069525,Birmingham,E00175654,1,1,53.202620459374906,53.202620459374906,E06000016,Leicester,0.028044920415087028,0.028044920415087028,8,0.46329219366004265,16519.647294517203,12444.321282946205,1.3642955971405861,-0.028763712810603692,FALSE,FALSE
E00025951,Bristol,E00178079,1,1,228.58490807427324,228.58490807427324,E08000003,Manchester,0.028022546902275645,0.028022546902275645,13,0.5103944998325088,18213.708468842313,6744.56895938505,0.2784130707651273,0.045739854123936274,FALSE,FALSE
E00085310,Bath,E00072575,1,1,166.58170050842068,166.58170050842068,E06000043,Brighton and Hove,0.028009702821394807,0.028009702821394807,8,0.43057291248095614,15372.277072217603,13531.025388477394,0.5783689423588958,-0.0024921787098370323,FALSE,FALSE
E00113298,Bradford,E00176206,1,1,218.31733016228074,218.31733016228074,E07000081,Gloucester,0.027981052641231567,0.027981052641231567,22,0.6901256412264135,24664.034269013766,12687.15671821755,0.3622528784117167,0.00902746903031111,FALSE,FALSE
E00076701,Portsmouth,E00086369,1,1,220.06881418080658,220.06881418080658,E06000026,Plymouth,0.027886707588428747,0.027886707588428747,58,1.4839081688917117,53212.02455278161,7171.875681838741,0.3696185596239718,-0.042199879988086164,FALSE,FALSE
E00112552,Bradford,E00176132,1,1,211.5803988000514,211.5803988000514,E07000078,Cheltenham,0.027758813505193217,0.027758813505193217,14,0.5550059162193244,19993.863070389947,6160.205657493564,0.17779089756766867,-0.04321983922305366,FALSE,FALSE
E00048263,Portsmouth,"E00086054, E00086060, E00086371",3,3,178.42356743831448,177.76858918902633,E08000026,Coventry,0.02775360055840318,0.02775360055840318,14,0.240177181096674,8653.910709396356,10304.969238069021,0,0,FALSE,FALSE
E00069409,Bristol,E00074228,1,1,166.51562056028857,166.51562056028857,E06000016,Leicester,0.02773317093970746,0.02773317093970746,16,0.3846627805961733,13870.133402070716,15144.319447389897,0.5083530558816569,-0.04630475222261024,FALSE,FALSE
E00077817,Bristol,E00174316,1,1,92.68311841168182,92.68311841168182,E06000058,"Bournemouth, Christchurch and Poole",0.027632327208452042,0.027632327208452042,10,0.28165204160256724,10192.845484126176,11435.880793397071,0.8049382447577242,0.025873159801759638,FALSE,FALSE
E00181634,Birmingham,E00175699,1,1,114.62714103883944,114.62714103883944,E08000006,Salford,0.027553852580328473,0.027553852580328473,10,0.5552822829634035,20152.618634529397,9762.700123903807,0.842971249689322,0.10848535388136107,FALSE,FALSE
E00132735,Bristol,E00178076,1,1,241.87380881927993,241.87380881927993,E07000138,Lincoln,0.02751786543233,0.02751786543233,19,0.6385448848844844,23204.738988739842,16571.052762844673,0.5230853897771407,0.1672120252512617,FALSE,FALSE
E00176712,Bristol; Newcastle; Portsmouth,"E00042579, E00086032, E00178044",3,3,316.89014188044564,243.59431666470633,E08000012,Liverpool,0.027299988362578034,0.027299988362578034,21,0.7869409883135645,28825.689515394755,15897.44267418493,0.4678057255461101,-0.05257825220817864,FALSE,FALSE
E00056741,Sheffield,"E00040908, E00172413, E00172445, E00172513",4,4,34.19061606714088,33.73423166601039,E08000034,Kirklees,0.027290433187495262,0.027290433187495262,27,0.6670183196423038,24441.47057174373,10846.291737707925,0,0,FALSE,FALSE
E00026515,Bradford,E00054391,1,1,50.22104792405016,50.22104792405016,E08000003,Manchester,0.027219829240991037,0.027219829240991037,29,0.9470222394875086,34791.630436144085,14291.052179496959,0.14585507524590918,0.07006278128504588,FALSE,FALSE
E00036499,Portsmouth,E00086012,1,1,321.12217042778286,321.12217042778286,E08000015,Wirral,0.027156096495691222,0.027156096495691222,8,0.38413772554649944,14145.542810523208,7659.421891986676,0.11216289662438918,0.6931376328790889,FALSE,FALSE
E00068944,Bradford,"E00054158, E00177819",2,2,135.5895808706067,134.96070959256983,E06000016,Leicester,0.027007387727550288,0.027007387727550288,12,0.45365372473783105,16797.393709983215,21808.847488021212,0.4329216080249283,0.03822738684822774,FALSE,FALSE
E00026465,Bradford,E00054133,1,1,41.81236593597619,41.81236593597619,E08000003,Manchester,0.026984936324175788,0.026984936324175788,30,1.187884864452589,44020.29525592631,18047.10576855047,0.042091621415718115,-0.20847762944635576,FALSE,FALSE
E00180453,Newcastle,E00042822,1,1,473.0979373047279,473.0979373047279,E06000058,"Bournemouth, Christchurch and Poole",0.026971272526771763,0.026971272526771763,15,0.558853903632741,20720.338763327574,13755.376192641424,0.41527579657475877,-0.014005654297687223,FALSE,TRUE
E00172928,Bradford,E00054156,1,1,47.03267418671659,47.03267418671659,E08000006,Salford,0.026888256275320776,0.026888256275320776,18,0.4391872487822612,16333.794363056802,4314.15108559754,0.31783254269571126,-0.02667218186545846,FALSE,FALSE
E00069119,Portsmouth,E00086024,1,1,200.5426904681797,200.5426904681797,E06000016,Leicester,0.026882376431292623,0.026882376431292623,14,0.61140319629564,22743.643883504723,12238.501340864537,0.4012671204312275,0.019313374757403558,FALSE,FALSE
E00173517,Newcastle,E00175553,1,1,226.9582188947143,226.9582188947143,E06000018,Nottingham,0.02678723385277053,0.02678723385277053,16,0.39082324049356604,14589.906619012261,6495.631499554915,1.125315627199095,0.0075964601209770125,FALSE,FALSE
E00070417,Bath,E00072809,1,1,194.2131229952418,194.2131229952418,E06000018,Nottingham,0.026780036583110574,0.026780036583110574,22,0.5461667276925053,20394.547483066453,8625.828395831442,0.09154713655158844,0.28184252323893527,FALSE,FALSE
E00138500,Bradford,E00054652,1,1,183.92758723025128,183.92758723025128,E06000062,West Northamptonshire,0.02672797668735869,0.02672797668735869,27,0.6596678526111653,24680.800208987122,10251.430671502774,0.7147566735799723,-0.023952282035164484,FALSE,FALSE
E00177097,Birmingham,E00186130,1,1,118.76450230068181,118.76450230068181,E06000032,Luton,0.026710030102015822,0.026710030102015822,18,0.4540862265721913,17000.588349689697,10707.588082366685,0.5505562278054577,-0.09204170547717272,FALSE,FALSE
E00044636,Bradford,E00054419,1,1,123.73727867062932,123.73727867062932,E08000024,Sunderland,0.026656245619193303,0.026656245619193303,19,1.0941335284637852,41046.047672819164,9116.062459487268,0.09067723218325985,-0.06025128851826743,FALSE,FALSE
E00034400,Bradford,E00054652,1,1,87.17030787624907,87.17030787624907,E08000012,Liverpool,0.026527565791062895,0.026527565791062895,26,0.7954872845423596,29987.194860161588,9122.585988704983,0.7095041127209188,-0.029800884627325337,FALSE,FALSE
E00063629,Portsmouth,E00086023,1,1,340.33020527591407,340.33020527591407,E06000008,Blackburn with Darwen,0.026319971248120477,0.026319971248120477,34,0.774037460932095,29408.750246540236,10904.267230933803,0.24584404451284567,0.12532185890386419,FALSE,FALSE
E00050854,Portsmouth,E00086025,1,1,196.88033688224039,196.88033688224039,E08000028,Sandwell,0.026295264849073546,0.026295264849073546,9,0.305550817678694,11619.993920291678,15135.80495516563,0.8168412112136972,-0.13796682137021118,FALSE,FALSE
E00145623,Bristol,E00178076,1,1,99.30459746866426,99.30459746866426,E07000178,Oxford,0.026178918286943284,0.026178918286943284,5,0.26198496144299466,10007.478482167058,16845.61581828033,0.5142356235180856,0.13822919180737323,FALSE,FALSE
E00085076,Birmingham,E00186251,1,1,220.0796378594638,220.0796378594638,E06000043,Brighton and Hove,0.02615006179330629,0.02615006179330629,12,0.4234900562224198,16194.610153113359,13384.28959619478,0.4722661065150457,-0.11410202732957896,FALSE,FALSE
E00082926,Sheffield,E00172417,1,1,218.40391700188064,218.40391700188064,E06000038,Reading,0.026057688674610342,0.026057688674610342,12,0.4734019200752339,18167.456292334147,17384.504268845096,0.09388428334413328,-0.045739854123943685,FALSE,FALSE
E00085455,Birmingham,E00186237,1,1,219.64060552070873,219.64060552070873,E06000043,Brighton and Hove,0.025909331898926757,0.025909331898926757,1,0.034361972524253555,1326.2392352802015,13470.05014878275,1.4550969087909238,20.446726575519953,FALSE,FALSE
E00184753,Bradford,E00176194,1,1,347.65242405747,347.65242405747,E06000043,Brighton and Hove,0.025836175288873695,0.025836175288873695,35,0.6888280617821525,26661.379019161366,7895.9055556436115,0.8680214021087548,0.07803235228542096,FALSE,FALSE
E00188110,Bradford,E00053576,1,1,273.4462778658977,273.4462778658977,E07000071,Colchester,0.025786311721330276,0.025786311721330276,17,0.5257695620660903,20389.48290659098,10625.79258953691,0.08890016344104104,-0.40444429814023136,FALSE,FALSE
E00177136,Portsmouth,E00086037,1,1,128.81998906355514,128.81998906355514,E06000032,Luton,0.025710067820933474,0.025710067820933474,5,0.3188880261654716,12403.235510169632,16919.441948955784,1.0908296061875296,0.04717467739977255,FALSE,FALSE
E00029160,Sheffield,E00185221,1,1,45.64912937664092,45.64912937664092,E08000007,Stockport,0.025706008293537655,0.025706008293537655,26,0.6313790863692209,24561.53748802555,11748.226194882272,0.1567022128796681,-0.015708787079245782,FALSE,FALSE
E00058554,Newcastle,E00175587,1,1,130.78420245387377,130.78420245387377,E08000035,Leeds,0.025684391042985488,0.025684391042985488,33,1.06939804709008,41636.106742820244,9499.933231496154,0,0,FALSE,FALSE
E00172754,Newcastle; Portsmouth,"E00086036, E00189964",2,2,472.5628904425736,264.35399322482385,E06000058,"Bournemouth, Christchurch and Poole",0.025662946870857763,0.025662946870857763,16,0.6826749597706265,26601.58099558925,9936.5050040130809,0.8607434498512025,-0.03872564121022906,FALSE,TRUE
E00081583,Bradford,E00176196,1,1,306.5888334798769,306.5888334798769,E06000035,Medway,0.02543899140754994,0.02543899140754994,17,0.5598766094320158,22008.600909619876,14348.053118633983,0.26791617558763914,-0.07820968004048993,FALSE,FALSE
E00049055,Sheffield,E00185187,1,1,108.61110085655812,108.61110085655812,E08000026,Coventry,0.025377816862191458,0.025377816862191458,20,0.47969142619038524,18901.997315026816,12294.201731151501,0.3122319721023232,0.03587447843841809,FALSE,FALSE
E00064817,Portsmouth,E00086043,1,1,330.8304436306807,330.8304436306807,E06000010,"Kingston upon Hull, City of",0.025262767686974753,0.025262767686974753,28,0.812144758204058,32147.893226393884,10766.832968196144,0.12313075838984137,-0.20847762992811672,FALSE,FALSE
E00050862,Portsmouth,E00086025,1,1,196.84691403737588,196.84691403737588,E08000028,Sandwell,0.025239316425172218,0.025239316425172218,15,0.6045047470029412,23950.915976474054,14778.530199335812,0.8245874039390706,-0.14222301523999611,FALSE,FALSE
E00027751,Bradford,E00177825,1,1,34.33616544120201,34.33616544120201,E08000005,Rochdale,0.0251916109541677,0.0251916109541677,47,0.832729655594139,33055.83184454396,14131.688546940797,0.1690554660258347,-0.28184252343156335,FALSE,FALSE
E00086872,Bradford,E00053630,1,1,320.8103617788373,320.8103617788373,E06000045,Southampton,0.02516885973324743,0.02516885973324743,30,0.5266888600360098,20926.210627661734,10290.493997146305,0.16489146930896223,-0.5202361780541083,FALSE,FALSE
E00068100,Birmingham,E00175773,1,1,55.711782982580345,55.711782982580345,E06000015,Derby,0.02510790553012288,0.02510790553012288,10,0.5056615153078434,20139.533928912657,16369.346280473621,0.5548464565850817,0.08932601897127808,FALSE,FALSE
E00048796,Sheffield,E00172504,1,1,107.91124838855231,107.91124838855231,E08000026,Coventry,0.024960031827415515,0.024960031827415515,22,0.46242884218505065,18526.772937730377,13982.35396545715,0.4324989744475449,-0.03795445366440277,FALSE,FALSE
E00184801,Portsmouth,E00086033,1,1,50.35905378921272,50.35905378921272,E07000229,Worthing,0.024907846088847146,0.024907846088847146,24,0.5944599217265831,23866.372050241684,13770.761180091895,0.5859007264752074,-0.014729179376159958,FALSE,FALSE
E00069431,Birmingham,E00175760,1,1,55.72735860685848,55.72735860685848,E06000016,Leicester,0.024776990513479192,0.024776990513479192,16,0.5778309975798726,23321.274521436357,17395.171530841373,0.41463075017342316,0.04120076807461975,FALSE,FALSE
E00068797,Bradford,E00054161,1,1,132.9477919629173,132.9477919629173,E06000016,Leicester,0.02466058517715265,0.02466058517715265,2,0.261179946710674,10590.9873928154,20478.021765187816,1.6903786280692923,0.02035702924362042,FALSE,FALSE
E00050865,Sheffield,E00185197,1,1,105.3097867792809,105.3097867792809,E08000028,Sandwell,0.024583336030929815,0.024583336030929815,11,0.5776850030909472,23499.048394576144,14033.896765106825,0.1731047187739728,20.907209995459898,FALSE,FALSE
E00070073,Bradford,E00054409,1,1,99.37465463547746,99.37465463547746,E06000018,Nottingham,0.02457199254848458,0.02457199254848458,13,0.46332510859088216,18855.82163012078,12127.628616686132,0.10791558470048337,0.11410202603677844,FALSE,FALSE
E00069671,Bristol,E00178114,1,1,193.64073917712707,193.64073917712707,E06000018,Nottingham,0.024255786127419212,0.024255786127419212,28,0.73688767508407,30379.87188760202,13893.592161049302,1.0386467651432505,-0.03530758981344604,FALSE,FALSE
E00145585,Birmingham,E00045206,1,1,97.2432629469218,97.2432629469218,E07000178,Oxford,0.02422996619415452,0.02422996619415452,18,0.7333102749021225,30264.601651777524,8171.699391300327,0.6533489525480168,0.11234266162998062,FALSE,FALSE
E00187532,Birmingham; Bristol; Newcastle,"E00174231, E00175585, E00186242",3,3,225.9868227086802,163.34705476514392,E06000018,Nottingham,0.024158242701554117,0.024158242701554117,10,0.34239363859647304,14172.953009303386,22187.044257383786,1.1231648507734902,0.06610800642294622,FALSE,FALSE
E00161089,Portsmouth,E00174470,1,1,75.38983516975277,75.38983516975277,E07000226,Crawley,0.023924735160930955,0.023924735160930955,14,0.37662105124434864,15741.910985053246,12831.907978706924,0.13275944038391102,0.11410202603677837,FALSE,FALSE
E00187852,Birmingham,E00186138,1,1,143.36980802181893,143.36980802181893,E07000008,Cambridge,0.023909657368733083,0.023909657368733083,11,0.40629114836596564,16992.763304809083,8573.941350915413,0.8614512066227404,0.07340637224100804,FALSE,FALSE
E00173271,Bradford; Newcastle,"E00054147, E00189947",2,2,352.25223724975,291.0638175460645,E06000032,Luton,0.023873012798181503,0.023873012798181503,15,0.5984584479902523,25068.408962434733,12817.82079986608,0.9184229946887683,0.07532031456517756,FALSE,FALSE
E00181626,Bradford,E00176129,1,1,45.59689385338859,45.59689385338859,E08000006,Salford,0.02385293628597306,0.02385293628597306,1,0.0859297735418495,3602.48199683413,4737.362253654729,0.5116503650342764,-0.40444429597344783,FALSE,FALSE
E00069982,Bristol,E00174046,1,1,193.40195498155887,193.40195498155887,E06000018,Nottingham,0.023850740723800844,0.023850740723800844,21,0.518800763953572,21751.977012431173,10775.34668529341,0.4531903503924692,0.21576790344388752,FALSE,FALSE
E00082615,Birmingham; Bristol,"E00046425, E00174316",2,2,131.28693603088485,121.35166448758211,E06000038,Reading,0.023740811823921976,0.023740811823921976,22,0.658540473073569,27738.75122543212,9982.809423609999,0.8020220800324235,0.043393616658874805,FALSE,FALSE
E00067636,Bath,E00072772,1,1,299.4096988843292,299.4096988843292,E06000014,York,0.023728310714780237,0.023728310714780237,32,0.9839897909988694,41469.01997477416,11125.95005912308,0.09149485169821589,-0.39833631882886333,FALSE,FALSE
E00168091,Sheffield,E00041101,1,1,86.56261669495967,86.56261669495967,E06000016,Leicester,0.02370352292194066,0.02370352292194066,24,0.5584311834616236,23558.995230397744,17592.32167189852,0.4442069270958739,0.0032796518900707152,FALSE,FALSE
E00079566,Portsmouth,E00086038,1,1,127.6433244496827,127.6433244496827,E06000032,Luton,0.023701789731747237,0.023701789731747237,14,0.3683359319205396,15540.426950424508,12235.36295284744,1.8916210437767147,-0.03152360026604853,FALSE,FALSE
E00188453,Bradford,E00176208,1,1,266.35252518249496,266.35252518249496,E06000039,Slough,0.023658853329052917,0.023658853329052917,19,0.615957902215323,26034.985451257297,14159.604243736621,0.1587649085242424,-0.07820968087019638,FALSE,FALSE
E00048790,Newcastle,E00042579,1,1,285.4706361799265,285.4706361799265,E08000026,Coventry,0.0236330849168439,0.0236330849168439,16,0.5395810759819122,22831.597223997574,15486.7636319092,0.4630462614822605,-0.08493103315055303,FALSE,FALSE
E00069235,Portsmouth,E00086043,1,1,205.0597592728521,205.0597592728521,E06000016,Leicester,0.023597460999941613,0.023597460999941613,18,0.38566994922622677,16343.705334534976,12289.457751438493,0.1288109174688628,-0.20847762942020803,FALSE,FALSE
E00026316,Bradford,E00176141,1,1,47.442436018651954,47.442436018651954,E08000003,Manchester,0.023592192844111008,0.023592192844111008,35,0.947895974267967,40178.37513160957,22592.219533041218,0.19211338052219637,-0.035762934425868566,FALSE,FALSE
E00179849,Birmingham,E00186096,1,1,57.13484317360995,57.13484317360995,E06000015,Derby,0.023582523676311366,0.023582523676311366,19,0.6698359094192269,28403.911244328647,4410.045397493566,0.7188447099193079,-0.02077738271554321,FALSE,FALSE
E00041668,Portsmouth,E00179913,1,1,461.7906667156289,461.7906667156289,E08000037,Gateshead,0.023491617927871005,0.023491617927871005,12,0.2308073452967197,9825.093614471078,11834.008234493474,0.4332617745394658,0.06166267844579809,FALSE,FALSE
E00177153,Portsmouth,E00179913,1,1,129.5977679792946,129.5977679792946,E06000032,Luton,0.02348483669412456,0.02348483669412456,15,0.5678839578177614,24180.87744079714,5663.228649713114,0.4394586192556021,0.06546706230766576,FALSE,FALSE
E00041382,Birmingham,E00047473,1,1,277.80672885739955,277.80672885739955,E08000037,Gateshead,0.023461650472530165,0.023461650472530165,8,0.15220710703086593,6487.485064577024,5029.484184761814,2.5976612243199706,-0.10819936604102333,FALSE,FALSE
E00026451,Bradford,E00053571,1,1,47.50956927524189,47.50956927524189,E08000003,Manchester,0.023369620243435727,0.023369620243435727,51,1.3066302001334622,55911.48621683232,14805.546534167052,0.06650772344855012,0.08744332884098299,FALSE,FALSE
E00079527,Bristol,E00174256,1,1,156.7191782910365,156.7191782910365,E06000032,Luton,0.023229985391848954,0.023229985391848954,4,0.23538744388564636,10132.91398660286,20964.283523436086,0.21052312384204352,-0.6931376398118941,FALSE,FALSE
E00085588,Newcastle,E00190004,1,1,471.608884873921,471.608884873921,E06000043,Brighton and Hove,0.02312629411831405,0.02312629411831405,6,0.40972623003245295,17716.899557546694,9772.426089704848,0.24406540921746545,0.20847762992811691,FALSE,TRUE
E00176681,Bristol,E00073463,1,1,219.39293578829344,219.39293578829344,E08000012,Liverpool,0.023073549560899728,0.023073549560899728,12,0.3667146175200677,15893.290130856141,5200.760276752179,0.12849228732318385,0.28184252323889314,FALSE,FALSE
E00024450,Birmingham,E00186240,1,1,125.60857957498281,125.60857957498281,E08000001,Bolton,0.023051461673044366,0.023051461673044366,32,1.053245594499264,45691.05462543815,21777.3608945164,0.2701103156621832,0.0315926754855275,FALSE,FALSE
E00069426,Bradford,E00176173,1,1,136.65474016207168,136.65474016207168,E06000016,Leicester,0.02295527957778843,0.02295527957778843,11,0.48902515414430886,21303.384804665613,19995.400118939488,0.7945347937773801,-0.0076040435152312244,FALSE,FALSE
E00060866,Birmingham; Portsmouth,"E00086028, E00186119",2,2,418.91523421277094,327.726096570271,E06000002,Middlesbrough,0.022944439826567745,0.022944439826567745,18,0.6493649399704429,28301.62535580984,9675.546741522212,0.2867493893471913,0.03605380870034534,FALSE,FALSE
E00033000,Portsmouth,E00086032,1,1,315.6230916691445,315.6230916691445,E08000012,Liverpool,0.022908957378456368,0.022908957378456368,30,0.6179334975004899,26973.44480991509,7551.631317918011,0.4563970089674196,-0.05673683251497122,FALSE,FALSE
E00058870,Sheffield,E00185235,1,1,47.31325723284167,47.31325723284167,E08000035,Leeds,0.022827327532942872,0.022827327532942872,10,0.5612962791230014,24588.786326957288,12485.035735729776,0.08907951443776291,-0.15596812833868573,FALSE,FALSE
E00058808,Bradford,E00177843,1,1,16.082029995279846,16.082029995279846,E08000035,Leeds,0.02273414239990441,0.02273414239990441,17,0.9796306606541209,43090.724225350146,20805.71114932353,0.3835174980631304,0.04547788174251587,FALSE,FALSE
E00176713,Birmingham,E00047472,1,1,127.66578921757166,127.66578921757166,E08000012,Liverpool,0.02266278177216844,0.02266278177216844,12,0.556391060092669,24550.872248876265,15090.821746340122,1.2997710636823523,-0.12450518750937666,FALSE,FALSE
E00034104,Bradford,E00054523,1,1,88.08129749758005,88.08129749758005,E08000012,Liverpool,0.022549741199802083,0.022549741199802083,20,0.5470536611839467,24259.864285659656,12594.379575517818,0.8860383073773381,-0.15706959035878196,FALSE,FALSE
E00185087,Birmingham,"E00186150, E00186255",2,2,28.841716356273725,28.177182118351382,E08000026,Coventry,0.022538552670454418,0.022538552670454418,11,0.3704153007111121,16434.742111754415,12689.368487041973,2.0244034157347772,-0.037403794181230916,FALSE,FALSE
E00173449,Bradford,E00054404,1,1,104.16294708666864,104.16294708666864,E06000018,Nottingham,0.022519505776405453,0.022519505776405453,16,0.36672960882256656,16284.975898840692,8925.59552575063,0.25446540926874184,-0.18232880734311788,FALSE,FALSE
E00132685,Birmingham,E00175676,1,1,123.66363254974543,123.66363254974543,E07000138,Lincoln,0.022417347521924647,0.022417347521924647,5,0.40425488982812813,18033.12766743515,14631.525860907896,0.8106407819564689,0.07687134107031646,FALSE,FALSE
E00033052,Bradford,E00054653,1,1,90.59802350950562,90.59802350950562,E08000012,Liverpool,0.02240519359489763,0.02240519359489763,6,0.5189235573122669,23160.86023155105,14327.035320645558,0.09380476047786722,0.045739854123962566,FALSE,FALSE
E00132647,Portsmouth,E00086041,1,1,272.5837659650417,272.5837659650417,E07000138,Lincoln,0.022326725211820157,0.022326725211820157,14,0.5229508747340302,23422.64124150061,13795.126561460049,0.18869936884643004,0.03128328201555838,FALSE,FALSE
E00067947,Bradford,E00177818,1,1,99.06915766050453,99.06915766050453,E06000015,Derby,0.022313384538951098,0.022313384538951098,9,0.3962660252764375,17759.117832828113,10218.082317453656,2.0779803149300227,-0.17661220396196275,FALSE,FALSE
E00036490,Bradford,E00054140,1,1,103.68452687619651,103.68452687619651,E08000015,Wirral,0.0222871413460701,0.0222871413460701,16,0.5791178639585272,25984.39409371105,11845.395329112103,0.0776905752698764,-0.11410202603652639,FALSE,FALSE
E00171674,Portsmouth; Sheffield,"E00086052, E00172514, E00174464",3,3,322.90140504145916,237.78329767401053,E08000001,Bolton,0.022122989909522234,0.022122989909522234,37,0.7377181980147968,33346.22494662288,10215.617370178545,0.9856500787925738,-0.021644671879145507,FALSE,FALSE
E00082839,Bradford,E00054579,1,1,265.89348320961614,265.89348320961614,E06000038,Reading,0.02210262823231681,0.02210262823231681,15,0.5470704816791442,24751.376891878346,10813.193683932668,0.09139590176120105,0.40444429941526855,FALSE,FALSE
E00136596,Portsmouth,E00086519,1,1,262.28342291589837,262.28342291589837,E07000148,Norwich,0.022067395969131584,0.022067395969131584,12,0.35176220747938586,15940.358707091651,10467.931980879324,0.14214147778490424,-0.07820968004028761,FALSE,FALSE
E00044357,Portsmouth,"E00086054, E00086060, E00086371",3,3,456.0987667179559,455.47391753552574,E08000024,Sunderland,0.022011131929212103,0.022011131929212103,7,0.7360348575821412,33439.209757555065,8722.858988691398,0,0,FALSE,FALSE
E00085736,Bradford,E00177783,1,1,345.2764888828666,345.2764888828666,E06000043,Brighton and Hove,0.02191188376560784,0.02191188376560784,17,0.41787476099000054,19070.690838817005,13508.651431630524,0.3589592241575686,-0.06709909245169071,FALSE,FALSE
E00081227,Portsmouth,E00179918,1,1,131.75469659089978,131.75469659089978,E06000035,Medway,0.021856561616228808,0.021856561616228808,13,0.45125871574703774,20646.37263950848,17614.847511702483,1.2135632640212222,-0.03634777645406181,FALSE,FALSE
E00069404,Birmingham,E00175634,1,1,56.27213094483893,56.27213094483893,E06000016,Leicester,0.021856098724703246,0.021856098724703246,12,0.47398449740831466,21686.6012264387,23700.47859522712,1.020258051991548,0.05563285611122157,FALSE,FALSE
E00168104,Bradford,E00054214,1,1,134.75986685740506,134.75986685740506,E06000016,Leicester,0.021768691427242897,0.021768691427242897,9,0.4093697063788873,18805.434756935952,17272.512739532278,0.4637556151365262,-0.04989603304210365,FALSE,FALSE
E00136500,Portsmouth,E00086017,1,1,260.48160479691205,260.48160479691205,E07000148,Norwich,0.02176308454958268,0.02176308454958268,6,0.29583374039005894,13593.373665211062,13371.26634494374,0.16901385194966145,0.20847762944635576,FALSE,FALSE
E00170150,Bristol,E00174284,1,1,297.4361487524387,297.4361487524387,E06000014,York,0.021731862360941247,0.021731862360941247,10,0.3829020359902565,17619.38436893691,7316.446117649413,0.8684675680556107,0.016541597627277287,FALSE,FALSE
E00068493,Birmingham,E00186116,1,1,56.280931946857486,56.280931946857486,E06000015,Derby,0.021626254104694584,0.021626254104694584,12,0.5341858567704011,24700.803670592268,22796.36582523002,0.8119028134180123,-0.041671269357496495,FALSE,FALSE
E00069667,Birmingham,E00175659,1,1,73.08313826548034,73.08313826548034,E06000018,Nottingham,0.02153180406138487,0.02153180406138487,27,0.651321669248095,30249.284611324092,15372.608772416579,1.7287625349542957,-0.02584146614249394,FALSE,FALSE
E00070394,Birmingham,E00186094,1,1,73.02517200281441,73.02517200281441,E06000018,Nottingham,0.0214700320825018,0.0214700320825018,14,0.3587724387308039,16710.38205030003,12063.326175049664,0.6638915766289312,0.03398048303758011,FALSE,FALSE
E00069492,Bristol,E00074007,1,1,163.94553970418923,163.94553970418923,E06000016,Leicester,0.021463603343574562,0.021463603343574562,15,0.48854938067326675,22761.75965670373,13837.378339779616,1.0754921012813625,-0.035914889999077715,FALSE,FALSE
E00068880,Birmingham,E00175663,1,1,55.964516355966275,55.964516355966275,E06000016,Leicester,0.021350346859243117,0.021350346859243117,15,0.4569167195642595,21400.903815595317,12037.275164395658,0.1060357345780738,-20.423085059739666,FALSE,FALSE
E00077801,Bradford; Portsmouth,"E00054389, E00086519",2,2,346.28820624250585,201.86380547083093,E06000058,"Bournemouth, Christchurch and Poole",0.021320865700234296,0.021320865700234296,11,0.3398600076943914,15940.253668529824,9521.189376366141,0.14579238179902415,-0.07820968004027978,FALSE,FALSE
E00025805,Portsmouth,E00086024,1,1,313.0432479571116,313.0432479571116,E08000003,Manchester,0.021285868263753248,0.021285868263753248,7,0.24236638929562435,11386.25807002382,9067.04850413131,0.394656619995811,0.01506037449794944,FALSE,FALSE
E00181595,Sheffield,E00185195,1,1,53.27160875156838,53.27160875156838,E08000006,Salford,0.02126765944436864,0.02126765944436864,18,0.6036363328454891,28382.82860530396,14058.904825992535,0.5201542434000067,0.053556864011839504,FALSE,FALSE
E00173489,Birmingham; Newcastle,"E00186174, E00189947",2,2,226.06100649950213,150.36411112205855,E06000018,Nottingham,0.02114132246274268,0.02114132246274268,11,0.30548951071652636,14449.877071545076,10264.258557260018,0.9018116509265022,0.07619699846865445,FALSE,FALSE
E00059127,Birmingham,"E00175723, E00186218",2,2,148.27453789454418,147.24464522277447,E08000035,Leeds,0.021113352049715352,0.021113352049715352,14,0.31100111735465275,14730.068282020886,9851.58583583625,1.5669654313308186,-0.11065501490762196,FALSE,FALSE
E00085773,Bristol,E00174296,1,1,182.2478718649839,182.2478718649839,E06000043,Brighton and Hove,0.021042351713860048,0.021042351713860048,11,0.44877349620794654,21327.15498298373,16110.36658876439,1.4447867476103393,-0.055226456863770854,FALSE,FALSE
E00136575,Bristol,E00073437,1,1,297.22455274682477,297.22455274682477,E07000148,Norwich,0.02098666548483982,0.02098666548483982,11,0.42300508180554164,20155.89766326188,11340.53431079485,0.11820188964771196,0.15596812833868576,FALSE,FALSE
E00180819,Newcastle; Portsmouth,"E00175551, E00179918",2,2,307.659469107232,240.17705286697444,E08000003,Manchester,0.020891692331432673,0.020891692331432673,15,0.4513579145898974,21604.660236681982,9860.378792294483,1.2627772363709813,0.0025962818122962673,FALSE,FALSE
E00085529,Newcastle,E00189986,1,1,472.2469378835207,472.2469378835207,E06000043,Brighton and Hove,0.020848963175144744,0.020848963175144744,5,0.39617569793915036,19002.17745175234,12422.68010280573,0.37861989208393815,-0.12722457073193563,FALSE,TRUE
E00069666,Newcastle,E00189977,1,1,224.60369147118357,224.60369147118357,E06000018,Nottingham,0.020781654835753376,0.020781654835753376,21,0.4960221665441876,23868.27086025971,17226.732078337005,0.48281209218633914,0.030114972053563276,FALSE,FALSE
E00176675,Birmingham,E00047462,1,1,127.4764603575371,127.4764603575371,E08000012,Liverpool,0.02069361145405285,0.02069361145405285,23,0.3133308977876634,15141.431377667885,10051.411299658046,0.8788456610704608,0.03856882777065866,FALSE,FALSE
E00033212,Bradford,E00053591,1,1,91.55772166692732,91.55772166692732,E08000012,Liverpool,0.020590121392674212,0.020590121392674212,5,0.3600809986480439,17488.046417062775,15784.268280984114,0.26139257654080966,-0.014104103210639101,FALSE,FALSE
E00182949,Sheffield,E00172447,1,1,99.56791152503668,99.56791152503668,E08000012,Liverpool,0.020558808522299594,0.020558808522299594,28,0.7940109590623405,38621.448232328155,8560.807393536326,0.17780485066191076,-0.26799345595842394,FALSE,FALSE
E00190594,Bristol; Portsmouth,"E00086038, E00178058",2,2,103.596734738563,64.02987958552471,E06000045,Southampton,0.02055248246688548,0.02055248246688548,15,0.3556505384089255,17304.505136153548,11434.141855059901,1.5731678700755727,-0.04902292881697118,FALSE,FALSE
E00166954,Birmingham,E00186308,1,1,177.72235025468098,177.72235025468098,E06000045,Southampton,0.020442074606639857,0.020442074606639857,10,0.2968660369559517,14522.304740025049,6652.945095691285,0.6254167768862982,-0.0486150528885615,FALSE,FALSE
E00112375,Newcastle,E00042806,1,1,343.3551783606219,343.3551783606219,E07000078,Cheltenham,0.02041898368618745,0.02041898368618745,12,0.4455354857063907,21819.66999698305,7542.00122624978,0.2244490129477595,-6.8072137350527846e-18,FALSE,FALSE
E00076542,Bristol,E00178056,1,1,162.2171877826598,162.2171877826598,E06000026,Plymouth,0.020407917278867097,0.020407917278867097,10,0.4057474065806081,19881.862565209904,13818.166554997651,0.7348180054005292,0.001585818094633301,FALSE,FALSE
E00085786,Bath,E00073064,1,1,164.07600236338058,164.07600236338058,E06000043,Brighton and Hove,0.020407851026112644,0.020407851026112644,12,0.33535458507076893,16432.626083053507,12642.193422025617,0.5937297680244401,0.33601116017948,FALSE,FALSE
E00168908,Bristol,"E00174046, E00174324",2,2,61.62563631002609,61.30116628781975,E07000078,Cheltenham,0.02040342120763185,0.02040342120763185,22,0.35840201322557613,17565.780247261508,9998.323218642092,0.4185244347541956,0.2818425232382155,FALSE,FALSE
E00033973,Birmingham,E00045212,1,1,127.71608344585412,127.71608344585412,E08000012,Liverpool,0.020390603442621884,0.020390603442621884,11,0.48010678074455937,23545.491534645127,7356.329616339817,0.2010636047470444,0.11410202713686524,FALSE,FALSE
E00082727,Birmingham,E00175618,1,1,132.27634888061138,132.27634888061138,E06000038,Reading,0.020317682984512767,0.020317682984512767,5,0.36487206720152304,17958.350244939258,18358.39255314303,0.13703433201529353,-0.281842523238935,FALSE,FALSE
E00026269,Portsmouth,E00086024,1,1,304.69067989716785,304.69067989716785,E08000003,Manchester,0.020278600007998873,0.020278600007998873,22,0.8319273533295486,41024.89091956031,21500.49805351554,0.3839367689037557,0.024818985688683102,FALSE,FALSE
E00180465,Bradford,E00054648,1,1,302.4688715265254,302.4688715265254,E06000033,Southend-on-Sea,0.020258421596098457,0.020258421596098457,11,0.36522516061963545,18028.312763022648,16881.86803585257,0.13690184957457685,0.04573985412397104,FALSE,FALSE
E00169506,Bradford,E00054431,1,1,139.94880164682033,139.94880164682033,E06000016,Leicester,0.02025489691748738,0.02025489691748738,11,0.3347695610460686,16527.83336344902,28635.05069232162,0.14300583317792123,-0.04573985412395819,FALSE,FALSE
E00187558,Birmingham,E00175616,1,1,73.50586046300012,73.50586046300012,E06000018,Nottingham,0.020240576814378262,0.020240576814378262,13,0.3040524150292095,15021.924415376361,24801.664725453633,2.1774979157340235,0.11519512206115638,FALSE,FALSE
E00086572,Bristol,E00178044,1,1,102.46980422706679,102.46980422706679,E06000045,Southampton,0.020230839553747063,0.020230839553747063,10,0.30693952978174943,15171.863182756522,17349.749577495382,0.4645442706626515,-0.037057046197743,FALSE,FALSE
E00152913,Portsmouth,E00174470,1,1,211.29471105293803,211.29471105293803,E07000202,Ipswich,0.02019675882070954,0.02019675882070954,15,0.35386495440579313,17520.87835217123,8664.756635136766,0.1412968404400474,0.11410202603677838,FALSE,FALSE
E00081057,Bath; Bradford,"E00053633, E00072812",2,2,308.5458430867138,255.625998024073,E06000035,Medway,0.020185792184803635,0.020185792184803635,7,0.24103156372429885,11940.654174858364,14564.699631720696,0.41488342213297774,0.06166267844562673,FALSE,FALSE
E00067925,Bradford,E00177812,1,1,98.56390068767683,98.56390068767683,E06000015,Derby,0.02008972557121329,0.02008972557121329,8,0.477453798029349,23766.068697000814,17421.840769269515,0.09733193073718811,-0.40444429798624587,FALSE,FALSE
E00070234,Birmingham,E00186106,1,1,73.40304074265315,73.40304074265315,E06000018,Nottingham,0.01994829236558778,0.01994829236558778,23,0.6549566638906817,32832.71830427593,28974.91120578777,0.47497875378808857,0.033139569894016216,FALSE,FALSE
E00176090,Birmingham; Newcastle,"E00175576, E00175768",2,2,171.91732171530734,142.47058981683747,E08000003,Manchester,0.019924234857610718,0.019924234857610718,10,0.3875703744949073,19452.208692815224,11493.540486576121,1.0293575728535005,-0.03790753061005248,FALSE,FALSE
E00185470,Birmingham,E00186288,1,1,174.15113040929495,174.15113040929495,E06000014,York,0.019879725650245324,0.019879725650245324,6,0.20005697567645242,10063.36703011712,28823.335396126502,0.2243685822412607,0.11410202603651748,FALSE,FALSE
E00173015,Portsmouth,E00086031,1,1,311.2546936486093,311.2546936486093,E08000006,Salford,0.0198697142695199,0.0198697142695199,8,0.3715036159376465,18696.97827046926,19275.56656350722,0.13458819202554423,-0.15596812833868565,FALSE,FALSE
E00069447,Bradford,E00053623,1,1,136.2127144855178,136.2127144855178,E06000016,Leicester,0.0198417911964315,0.0198417911964315,17,0.5576492869584452,28104.785572924335,26308.10872023895,0.3460840074818951,-0.0600071536138487,FALSE,FALSE
E00085048,Birmingham,E00046408,1,1,219.213929481484,219.213929481484,E06000043,Brighton and Hove,0.01968516825501615,0.01968516825501615,30,0.7793170210657909,39589.04546661451,9601.137137948479,0.9574466870742308,-0.016919419758689224,FALSE,FALSE
E00175919,Portsmouth,E00086058,1,1,307.1009925784507,307.1009925784507,E08000003,Manchester,0.019541440570577977,0.019541440570577977,13,0.5888259117206723,30132.165005645573,13663.271089747655,0.14540460651571246,-0.6944426968194451,FALSE,FALSE
E00080385,Birmingham,E00175760,1,1,207.82750436036648,207.82750436036648,E06000033,Southend-on-Sea,0.019533656668979674,0.019533656668979674,30,0.7146255389872432,36584.31962317126,12644.84188422576,0.41262729067574483,0.04641915728661594,FALSE,FALSE
E00069384,Bradford,E00176112,1,1,136.14091871903307,136.14091871903307,E06000016,Leicester,0.019461108655190795,0.019461108655190795,15,0.4743157923891011,24372.495976100952,16597.204492450503,0.8287790672538289,0.04109027812222671,FALSE,FALSE
E00171924,Sheffield,E00172514,1,1,328.2462652457803,328.2462652457803,E07000041,Exeter,0.01945129492642672,0.01945129492642672,20,0.5023747030759137,25827.314067064115,13418.12979481396,0.9939284301991361,-0.05182467027996071,FALSE,FALSE
E00077306,Bath,E00072755,1,1,81.40883525117245,81.40883525117245,E06000058,"Bournemouth, Christchurch and Poole",0.019428437028981744,0.019428437028981744,8,0.2737165059325878,14088.44702866628,11735.375298583636,0.3404526142203154,0.09718048622982123,FALSE,FALSE
E00024435,Birmingham,E00175728,1,1,127.70643616958472,127.70643616958472,E08000001,Bolton,0.019427324891738592,0.019427324891738592,13,0.4738782283128275,24392.356176343284,14721.53276860164,0.5069456363405948,0.011186485744865202,FALSE,FALSE
E00169472,Bradford,E00054143,1,1,132.6442025706988,132.6442025706988,E06000016,Leicester,0.019413726146480067,0.019413726146480067,15,0.3169077250087933,16323.900039470387,8808.200894036218,0.14775752152681265,0.11410202603664792,FALSE,FALSE
E00179887,Portsmouth,E00086046,1,1,235.21526154828777,235.21526154828777,E06000015,Derby,0.019329381029925773,0.019329381029925773,4,0.2782335232042662,14394.331757106173,19141.844191863438,0.17970516070161793,-20.446726575518042,FALSE,FALSE
E00080156,Bristol,E00178079,1,1,228.48114534430155,228.48114534430155,E06000033,Southend-on-Sea,0.0189927379079971,0.0189927379079971,9,0.35662645751283645,18776.990407616533,11899.284931681188,0.2757521152127652,0.03466434287461997,FALSE,FALSE
E00085514,Sheffield,E00185217,1,1,298.92526778433506,298.92526778433506,E06000043,Brighton and Hove,0.01889799611015315,0.01889799611015315,13,0.3761186784656607,19902.569366261374,15292.626705787692,0.792692618234913,0.02011194420954259,FALSE,FALSE
E00057189,Birmingham,E00175626,1,1,150.82673811788098,150.82673811788098,E08000035,Leeds,0.018878656909145763,0.018878656909145763,14,0.7809609414816299,41367.39945219797,25372.567672859637,0.6053490960803963,-0.028333866231648772,FALSE,FALSE
E00086858,Portsmouth,E00086039,1,1,26.770776676990437,26.770776676990437,E06000045,Southampton,0.018864816442791255,0.018864816442791255,2,0.1805074004222268,9568.468422135295,11396.877390882708,1.216000006019544,0.03324946888458839,FALSE,FALSE
E00085579,Newcastle,E00189983,1,1,471.4505768994275,471.4505768994275,E06000043,Brighton and Hove,0.018835245700407774,0.018835245700407774,12,0.4035372075257904,21424.578895567793,14653.37932884118,1.360404913752382,-0.023510268426990492,FALSE,FALSE
E00169553,Bristol,E00178058,1,1,163.8604452659999,163.8604452659999,E06000016,Leicester,0.018767366727486138,0.018767366727486138,9,0.43651043084323227,23259.013221281162,28506.92948928496,1.5707803331880692,-1.4189703552051605e-5,FALSE,FALSE
E00169739,Bradford,E00177851,1,1,16.25354533895005,16.25354533895005,E08000035,Leeds,0.01870870109158289,0.01870870109158289,20,0.7546325540682128,40335.91377477963,27153.14107127143,0.502818223192769,-0.07112161650381758,FALSE,FALSE
E00166958,Bristol,E00074008,1,1,101.51746797922596,101.51746797922596,E06000045,Southampton,0.018635999354917526,0.018635999354917526,16,0.4167442641026156,22362.324454183257,12610.00258287678,0.9818311498085761,0.14393375864014332,FALSE,FALSE
E00072121,Bradford,E00053602,1,1,92.0583120747403,92.0583120747403,E06000021,Stoke-on-Trent,0.01862322702373727,0.01862322702373727,17,0.6712715850563546,36044.858616648344,17880.896773451575,0.07448550052331263,-0.045739854123971024,FALSE,FALSE
E00085694,Newcastle,E00189936,1,1,472.39125360573706,472.39125360573706,E06000043,Brighton and Hove,0.018599209247095978,0.018599209247095978,7,0.5292747257496023,28456.840219281992,14731.809097893853,0.6584075963696474,-0.006023406295396817,FALSE,TRUE
E00060699,Bradford,E00177822,1,1,91.23856729300496,91.23856729300496,E06000002,Middlesbrough,0.018552127049213975,0.018552127049213975,15,0.6614415488894956,35653.13816226371,17356.500370325066,0.6549807775567759,-0.22071507465072732,FALSE,FALSE
E00079538,Birmingham; Bradford,"E00175708, E00177867",2,2,232.32316221270497,177.2625584339624,E06000032,Luton,0.018528482024569616,0.018528482024569616,11,0.5026238591503561,27127.093222415842,17540.56266287951,0.5943341020559039,-0.10717599309233322,FALSE,FALSE
E00072421,Portsmouth,"E00086032, E00086035",2,2,255.49047205525272,255.35827974486347,E06000021,Stoke-on-Trent,0.0182778748925255,0.0182778748925255,15,0.78513587203314406,42955.53376143389,14662.536075766397,0.44578271413540116,-0.041278912591714075,FALSE,FALSE
E00028315,Portsmouth,E00086023,1,1,322.61827735022763,322.61827735022763,E08000005,Rochdale,0.018272515223462134,0.018272515223462134,11,0.20547913591914024,11245.2573390281,8373.23149708181,0.22770195032556456,0.1141020260366459,FALSE,FALSE
E00034311,Bradford,"E00053548, E00053625, E00054145, E00054146, E00054160, E00054219, E00054344, E00054408, E00054595, E00054631, E00054637, E00176114, E00176195, E00177784, E00177793",15,15,90.23727870625343,88.08240570763661,E08000012,Liverpool,0.01824535695494534,0.01824535695494534,12,0.4221759941174875,23138.81801052175,18525.26102035983,0,0,FALSE,FALSE
E00168105,Birmingham,E00175771,1,1,56.76493926656951,56.76493926656951,E06000016,Leicester,0.01822462700698088,0.01822462700698088,12,0.3897894274860957,21388.060635577793,19534.00746493387,0.12431070876525623,-20.423170675903503,FALSE,FALSE
E00132632,Newcastle,E00189964,1,1,206.0913773316859,206.0913773316859,E07000138,Lincoln,0.01817455738363995,0.01817455738363995,11,0.49751120082455647,27374.04770431423,19532.800304647724,0.8657654325895126,-0.037256298566630014,FALSE,FALSE
E00176698,Portsmouth,E00086052,1,1,317.7738072668409,317.7738072668409,E08000012,Liverpool,0.01801896606750274,0.01801896606750274,20,0.514991450842094,28580.521707673484,8213.567828784497,0.946968147146062,-0.01881728808840173,FALSE,FALSE
E00183013,Portsmouth,E00174455,1,1,317.1704850986501,317.1704850986501,E08000012,Liverpool,0.017975752895632992,0.017975752895632992,8,0.3714858492478522,20665.941026486882,38663.19280394884,1.771013623620022,0.06973065070248267,FALSE,FALSE
E00069487,Portsmouth,E00086051,1,1,203.2581894390117,203.2581894390117,E06000016,Leicester,0.017644015184101153,0.017644015184101153,5,0.2956741493147678,16757.75872042985,19213.313775963506,0.16910507772112052,20.446726575527784,FALSE,FALSE
E00086857,Portsmouth,E00179918,1,1,26.02241050018513,26.02241050018513,E06000045,Southampton,0.017600581007090076,0.017600581007090076,8,0.3554163817292421,20193.445976929346,13010.93412244468,1.1799582730530496,-0.02023117657614363,FALSE,FALSE
E00085136,Birmingham,E00175718,1,1,219.46721455744643,219.46721455744643,E06000043,Brighton and Hove,0.017561593936478572,0.017561593936478572,4,0.18007698366255143,10254.022744968457,14861.976705762243,1.1106361064709,0.053635322915781526,FALSE,FALSE
E00064859,Bradford,E00054590,1,1,92.07627990578081,92.07627990578081,E06000010,"Kingston upon Hull, City of",0.01752625849037245,0.01752625849037245,20,0.46534432151637334,26551.264308465892,10099.132116374405,0.32234195855492387,0.00501337326474808,FALSE,FALSE
E00132652,Portsmouth,E00174453,1,1,272.79116580778395,272.79116580778395,E07000138,Lincoln,0.017507820544396993,0.017507820544396993,11,0.32149100930591634,18362.708738684367,13593.925034613567,0.2876565668186421,-0.06637438447435168,FALSE,FALSE
E00085246,Birmingham; Newcastle,"E00186098, E00189983",2,2,470.9090562143022,345.30923178589006,E06000043,Brighton and Hove,0.017477257216982178,0.017477257216982178,8,0.22037676426018624,12609.344906021757,15906.386027772991,1.352619914357518,0.015543750232521995,FALSE,FALSE
E00069398,Bristol,"E00174046, E00174324",2,2,166.67687144140945,166.35057545620907,E06000016,Leicester,0.017457233418592368,0.017457233418592368,7,0.22531507699369152,12906.688682625141,26808.37156599905,0.4213078026849389,0.27955208957338257,FALSE,FALSE
E00086549,Birmingham,E00186251,1,1,178.73752732238694,178.73752732238694,E06000045,Southampton,0.0174344481526101,0.0174344481526101,9,0.29925121154399914,17164.3638459069,14454.142614331802,0.47772738918044577,-0.2092427235293239,FALSE,FALSE
E00060715,Portsmouth,E00086020,1,1,419.69943852041627,419.69943852041627,E06000002,Middlesbrough,0.017418674021656103,0.017418674021656103,10,0.7130511859738219,40936.01987655934,19002.594548154346,0.06261962798507885,-0.11410202603649662,FALSE,FALSE
E00182969,Newcastle,E00189977,1,1,194.98424986938937,194.98424986938937,E08000012,Liverpool,0.01739923943415584,0.01739923943415584,5,0.2801868936931505,16103.398930365045,16782.34276302819,0.4755968355391264,0.046490555088142,FALSE,FALSE
E00070221,Portsmouth,E00086046,1,1,239.50792051431213,239.50792051431213,E06000018,Nottingham,0.0173835814200163,0.0173835814200163,12,0.25657867386083044,14759.828119503229,19788.787574228038,0.17667095755817655,-0.6931376365080802,FALSE,FALSE
E00170852,Portsmouth,E00174447,1,1,209.1890030591762,209.1890030591762,E07000202,Ipswich,0.017305938851220767,0.017305938851220767,10,0.3348719876075276,19350.119660448563,17624.007724867533,0.29862157391677896,0.07820968004024402,FALSE,FALSE
E00026761,Portsmouth,E00086056,1,1,306.1029082081241,306.1029082081241,E08000003,Manchester,0.017187499687150908,0.017187499687150908,6,0.11881572244872252,6912.914886482715,10356.363824871507,0.8135455309099902,0.01781013704337163,FALSE,FALSE
E00069687,Birmingham; Bristol,"E00174243, E00175654",2,2,193.33742975236348,132.88423934287948,E06000018,Nottingham,0.017117240345800994,0.017117240345800994,14,0.3426854093394321,20019.89820885443,19863.01489792453,1.385158186089659,-0.003384793719010651,FALSE,FALSE
E00173001,Birmingham,E00175771,1,1,115.10185558626047,115.10185558626047,E08000006,Salford,0.01711482627127133,0.01711482627127133,11,0.3276826748654615,19146.12919065993,15133.077946268913,0.12585499070688538,-20.298529254334557,FALSE,FALSE
E00057601,Bradford,E00054132,1,1,15.98911917857661,15.98911917857661,E08000035,Leeds,0.017101243896977977,0.017101243896977977,20,0.7438385322485475,43496.165350872165,19764.644141455068,0.06257876942632787,-0.11410202603663283,FALSE,FALSE
E00060865,Bradford,E00176127,1,1,94.71644616160746,94.71644616160746,E06000002,Middlesbrough,0.017099210640355713,0.017099210640355713,14,0.4850592033257147,28367.344758063296,18889.76086636948,0.1997147963296141,0.02953461391188787,FALSE,FALSE
E00188543,Birmingham,E00175638,1,1,139.99371413716227,139.99371413716227,E06000039,Slough,0.01689070493930974,0.01689070493930974,9,0.2687529415163304,15911.292185968014,9235.848980875935,1.0708329307067803,-0.27451241684410066,FALSE,FALSE
E00069815,Portsmouth,E00086051,1,1,241.25567593943262,241.25567593943262,E06000018,Nottingham,0.01679386125750988,0.01679386125750988,14,0.27195666223414217,16193.813802798244,17089.577887971373,0.1686776107014634,0.6931376371316647,FALSE,FALSE
E00068928,Bradford,E00177764,1,1,136.6190163352838,136.6190163352838,E06000016,Leicester,0.016663238878388918,0.016663238878388918,12,0.4158359100651336,24955.287090341382,28685.899751454283,0.47157663697030044,-0.1559681283611835,FALSE,FALSE
E00085571,Sheffield,E00172460,1,1,298.7958673659776,298.7958673659776,E06000043,Brighton and Hove,0.016642955573096405,0.016642955573096405,19,0.4659242326882875,27995.28188619702,16763.84935203503,0.6398679851439598,0.08055373054144244,FALSE,FALSE
E00057023,Bradford,E00053600,1,1,12.5887091487099,12.5887091487099,E08000035,Leeds,0.01654355782093812,0.01654355782093812,22,0.733105980324986,44313.68320284411,21156.271449483946,0.2619634884370545,0.39754814282633494,FALSE,FALSE
E00177476,Portsmouth,E00179913,1,1,199.16444424798385,199.16444424798385,E08000028,Sandwell,0.01652967376966671,0.01652967376966671,11,0.37037323028553365,22406.566242414203,13127.905790749033,0.4049968727069172,0.06709909245144978,FALSE,FALSE
E00069411,Newcastle,E00042806,1,1,262.94499292455663,262.94499292455663,E06000016,Leicester,0.016439850642016973,0.016439850642016973,10,0.4399675302959609,26762.258360881442,26155.955389339484,0.22460862039870222,-0.015382183499082866,FALSE,FALSE
E00033825,Sheffield,E00185235,1,1,99.59923648228008,99.59923648228008,E08000012,Liverpool,0.016395335221993098,0.016395335221993098,12,0.5129113092926553,31283.978177196623,22933.352377914453,0.08716029299812549,-0.1559681283294695,FALSE,FALSE
E00064688,Birmingham,E00186280,1,1,180.31713093719847,180.31713093719847,E06000010,"Kingston upon Hull, City of",0.016394214678866904,0.016394214678866904,3,0.14926095518287508,9104.48948648215,6648.686877359691,0.3349837868767476,0.015060374493010335,FALSE,FALSE
E00085560,Sheffield,E00185188,1,1,298.4662932790761,298.4662932790761,E06000043,Brighton and Hove,0.016371745252150585,0.016371745252150585,14,0.37843339871860415,23115.030981128497,15514.534100549523,1.186047535761369,-0.06766533117363736,FALSE,FALSE
E00026545,Bristol,E00073448,1,1,224.48328780831042,224.48328780831042,E08000003,Manchester,0.01631779255577724,0.01631779255577724,20,0.750617577245217,45999.94605149361,27761.10791037219,0.05887551975826262,-0.045739854123942776,FALSE,FALSE
E00085680,Birmingham,E00186180,1,1,218.6478664074877,218.6478664074877,E06000043,Brighton and Hove,0.016280098793738085,0.016280098793738085,9,0.40875708724517607,25107.776827644244,15601.870923393757,1.0956115844209993,-0.06766676906248685,FALSE,FALSE
E00069811,Newcastle; Portsmouth,"E00174470, E00189969",2,2,241.525295328463,233.31242689377908,E06000018,Nottingham,0.01609793609398557,0.01609793609398557,11,0.38880142799399126,24152.253166121915,23729.750060488866,0.12860035071880632,0.11410202603677838,FALSE,FALSE
E00177756,Bristol,"E00074007, E00174294, E00178046",3,3,102.73008936266379,102.21582805439377,E06000045,Southampton,0.016093891022697746,0.016093891022697746,7,0.3149348621974026,19568.596665234007,14539.678420214359,1.0691258428828745,-0.018554371675829295,FALSE,FALSE
E00181473,Bradford,E00177819,1,1,54.31863448866156,54.31863448866156,E08000001,Bolton,0.016068141736430872,0.016068141736430872,26,0.8358515963728045,52019.18243462468,38336.72929355356,0.43073256252946246,0.045990672408582275,FALSE,FALSE
E00069290,Portsmouth,E00086051,1,1,205.21092481224525,205.21092481224525,E06000016,Leicester,0.016056617583999528,0.016056617583999528,7,0.2670851545314284,16633.961239606255,21361.90877098553,0.18720621177062244,0.6931376400107759,FALSE,FALSE
E00085708,Sheffield,E00172412,1,1,297.93033818119454,297.93033818119454,E06000043,Brighton and Hove,0.015959207565471412,0.015959207565471412,6,0.3748246939883574,23486.422646655115,31705.834887112924,0.2640541073931332,-0.40269684092760044,FALSE,FALSE
E00085570,Newcastle,E00189989,1,1,471.7455876797057,471.7455876797057,E06000043,Brighton and Hove,0.015801683517932513,0.015801683517932513,9,0.6009499923580793,38030.75739848177,19997.86919168378,0.41600799264348126,0.1654071624125018,FALSE,TRUE
E00057632,Sheffield,E00172418,1,1,47.89502995717464,47.89502995717464,E08000035,Leeds,0.015634150704308413,0.015634150704308413,6,0.42336006082146,27079.18510116393,20404.05046831811,0.10998085154668376,0.40444429803874204,FALSE,FALSE
E00136599,Portsmouth,E00086012,1,1,260.3084635970371,260.3084635970371,E07000148,Norwich,0.015579595204376382,0.015579595204376382,17,0.45994159223248715,29522.05023294106,16239.189573354968,0.10870945538390546,0.6931376400107768,FALSE,FALSE
E00169753,Portsmouth,E00086024,1,1,334.50206524704646,334.50206524704646,E08000035,Leeds,0.015560327035968716,0.015560327035968716,16,0.5980159250290162,38432.092310570544,25385.070576404443,0.3863701455588979,0.016068561105121223,FALSE,FALSE
E00057157,Birmingham,E00186268,1,1,150.9642548719569,150.9642548719569,E08000035,Leeds,0.015453882423904986,0.015453882423904986,6,0.5203038752261998,33668.1657692285,23489.24302921381,0.2651556264885051,0.037306981787530925,FALSE,FALSE
E00145624,Bristol; Newcastle,"E00174243, E00189974",2,2,359.44104235668425,229.10144338625673,E07000178,Oxford,0.015289079494918638,0.015289079494918638,7,0.23426592223753454,15322.434703501502,15893.697202683892,1.3969744163991993,-0.034758687422890254,FALSE,FALSE
E00176642,Birmingham,E00045206,1,1,125.1309883009373,125.1309883009373,E08000012,Liverpool,0.015267153304534964,0.015267153304534964,6,0.15173914313756245,9938.928371963735,22008.03209988036,0.6590257327955438,0.0782096811815688,FALSE,FALSE
E00173498,Portsmouth,E00179945,1,1,240.56371696470973,240.56371696470973,E06000018,Nottingham,0.015203956452370621,0.015203956452370621,11,0.37744818209046027,24825.655300506205,18021.624888124272,0.9989715619020594,0.030858498809255196,FALSE,FALSE
E00085509,Portsmouth,E00086046,1,1,67.21664008507359,67.21664008507359,E06000043,Brighton and Hove,0.015063182261143228,0.015063182261143228,17,0.5268272485967432,34974.498712382934,17990.88634139864,0.188067341360772,-20.90178522534035,FALSE,FALSE
E00085674,Bath,E00072810,1,1,167.62156788838138,167.62156788838138,E06000043,Brighton and Hove,0.014966407129000174,0.014966407129000174,4,0.29960699114778944,20018.631630516426,15434.56609251227,0.16688529132264512,-20.44672657551805,FALSE,FALSE
E00082594,Bristol,E00178112,1,1,114.16324593726807,114.16324593726807,E06000038,Reading,0.01490585493077495,0.01490585493077495,4,0.08936828796821687,5995.515747554015,16503.58205835635,1.548082694044703,0.3129433427840984,FALSE,FALSE
E00187071,Portsmouth,"E00086037, E00179945",2,2,334.499321356297,334.03517074097715,E08000035,Leeds,0.014874834786781576,0.014874834786781576,3,0.09637743761871298,6479.227433460851,15932.950072871296,0.9997308745765209,0.05532318237732348,FALSE,FALSE
E00077497,Sheffield,E00172415,1,1,295.7968092349464,295.7968092349464,E06000058,"Bournemouth, Christchurch and Poole",0.014818193958238437,0.014818193958238437,5,0.17499271916075115,11809.314930950872,9650.298842288848,2.1642786157982363,-0.09775875261627409,FALSE,FALSE
E00187667,Bradford,E00054127,1,1,169.86929646533093,169.86929646533093,E06000031,Peterborough,0.014788353777395853,0.014788353777395853,2,0.17154061520592626,11599.710000725558,10210.737602910542,0.28811835576472,-20.438058108101966,FALSE,FALSE
E00169516,Bradford,E00177762,1,1,133.90205917846163,133.90205917846163,E06000016,Leicester,0.0147061402380839,0.0147061402380839,5,0.40625397909963745,27624.78614528494,27811.51229204446,0.9574970831352704,-0.018078121749236214,FALSE,FALSE
E00077802,Portsmouth,E00086029,1,1,59.00577075865448,59.00577075865448,E06000058,"Bournemouth, Christchurch and Poole",0.014608755700322334,0.014608755700322334,9,0.21738863778721695,14880.708682288418,13964.228315180797,0.9023033678144433,-0.062285569862547165,FALSE,FALSE
E00170988,Sheffield,E00185197,1,1,225.4787486756441,225.4787486756441,E07000070,Chelmsford,0.014423775804556907,0.014423775804556907,21,0.31439360281952966,21796.900276292647,14697.954465780229,0.31807262966925787,1.098612281020145,FALSE,FALSE
E00085010,Birmingham,E00175723,1,1,221.20359466199176,221.20359466199176,E06000043,Brighton and Hove,0.014364679064299708,0.014364679064299708,5,0.2849137518950763,19834.327701978917,18865.719086861583,1.5725355375790926,-0.07073270538571434,FALSE,FALSE
E00077709,Birmingham,"E00175632, E00175674",2,2,194.9912382086226,194.696085758985,E06000058,"Bournemouth, Christchurch and Poole",0.014311063212912326,0.014311063212912326,4,0.18536192789002517,12952.351976391257,8454.997242331117,4.373411569612964,0.09532233772411101,FALSE,FALSE
E00033020,Bristol,E00178048,1,1,217.93825855616922,217.93825855616922,E08000012,Liverpool,0.014261867298060803,0.014261867298060803,9,0.4145679236326749,29068.27801497242,15285.5159457024,0.8059017134572811,-0.1299943325343129,FALSE,FALSE
E00085262,Bath,E00072763,1,1,168.66632427076425,168.66632427076425,E06000043,Brighton and Hove,0.01419420989920618,0.01419420989920618,6,0.4169785577589623,29376.665606606406,22544.40382890887,0.11991024255233501,-0.04573985412397106,FALSE,FALSE
E00169805,Sheffield,E00185191,1,1,45.561209377535405,45.561209377535405,E08000035,Leeds,0.014108335840279004,0.014108335840279004,7,0.198189133217601,14047.661996518056,14388.656628121882,0.48594995314025013,-0.049809002611181534,FALSE,FALSE
E00057596,Birmingham,E00186105,1,1,150.42705745619153,150.42705745619153,E08000035,Leeds,0.013735247821170778,0.013735247821170778,21,0.7654212881492947,55726.79125377812,22205.642298633247,0.6103116117001487,-0.18843661990877214,FALSE,FALSE
E00173525,Portsmouth,E00174455,1,1,240.30405403898786,240.30405403898786,E06000018,Nottingham,0.01326664740743197,0.01326664740743197,9,0.22922588067023816,17278.357796848202,16507.561652487748,1.927363082685985,0.09676669570759697,FALSE,FALSE
E00085086,Newcastle,E00189989,1,1,472.8523908205314,472.8523908205314,E06000043,Brighton and Hove,0.01326396551945449,0.01326396551945449,10,0.3771153189998139,28431.566596482193,17943.351831767148,0.3977563160198062,0.15596812835861162,FALSE,TRUE
E00057858,Bradford,E00054569,1,1,10.874932047393253,10.874932047393253,E08000035,Leeds,0.01316837223768403,0.01316837223768403,15,0.6707787152794761,50938.62044390753,22554.040441693534,0.14418465851246315,-0.281842522733591,FALSE,FALSE
E00090558,Portsmouth,E00086029,1,1,178.47211893981594,178.47211893981594,E07000008,Cambridge,0.013045763344751672,0.013045763344751672,4,0.16743509503637302,12834.442156559002,14180.84899374062,0.8863255338897837,-0.04439125307676057,FALSE,FALSE
E00172906,Newcastle,E00189977,1,1,470.2937897462882,470.2937897462882,E06000043,Brighton and Hove,0.012797358699587915,0.012797358699587915,7,0.30726188055345716,24009.788876461767,20472.974630963232,0.48302770175286586,0.05736422467294535,FALSE,FALSE
E00174506,Birmingham,E00186218,1,1,129.4719307887617,129.4719307887617,E06000038,Reading,0.012729409161958843,0.012729409161958843,1,0.05724443449888332,4497.02211395288,20268.026325292394,1.5569024444068629,-0.15653823476689024,FALSE,FALSE
E00085041,Birmingham,E00175699,1,1,219.19839901778525,219.19839901778525,E06000043,Brighton and Hove,0.012728092538233614,0.012728092538233614,18,0.41941413954088885,32951.8455558852,16813.202713381485,0.8325065062952169,0.08771758332301904,FALSE,FALSE
E00085171,Birmingham,E00175659,1,1,218.84834538181354,218.84834538181354,E06000043,Brighton and Hove,0.012717266117554856,0.012717266117554856,8,0.23161565856146515,18212.69260393505,8256.491531230795,1.7230333323689921,0.008197362224484415,FALSE,FALSE
E00085030,Newcastle,E00042826,1,1,471.16440850943576,471.16440850943576,E06000043,Brighton and Hove,0.012678440797867662,0.012678440797867662,7,0.2637670232142904,20804.373930479873,15301.566106821914,0.37912244973382325,-0.0782096811815688,FALSE,FALSE
E00173547,Birmingham,E00186098,1,1,74.38096061030745,74.38096061030745,E06000018,Nottingham,0.012610622468573158,0.012610622468573158,17,0.43850815026888856,34772.918732734375,8881.401396252595,1.324150987031714,0.04567866299181983,FALSE,FALSE
E00025613,Newcastle,E00189989,1,1,171.33472067227524,171.33472067227524,E08000003,Manchester,0.012554104252444114,0.012554104252444114,8,0.20983849895294687,16714.732866113816,22462.773474666534,0.41460218422315503,0.681427947594744,FALSE,FALSE
E00079881,Portsmouth,E00086025,1,1,130.22746691180652,130.22746691180652,E06000032,Luton,0.012503574171005836,0.012503574171005836,13,0.37432322914376803,29937.298249629694,25592.68219018834,0.8014463881555628,-0.12722457073357635,FALSE,FALSE
E00085068,Birmingham,E00047472,1,1,216.80062357021112,216.80062357021112,E06000043,Brighton and Hove,0.01244126545683798,0.01244126545683798,4,0.1915250144272526,15394.335495187623,19371.01984007112,1.3053125240460854,-0.13827622505158063,FALSE,FALSE
E00173500,Sheffield,"E00172416, E00185261",2,2,51.57780112929608,50.886976161750106,E06000018,Nottingham,0.012441013888918329,0.012441013888918329,4,0.17772499439724015,14285.410818128446,23470.75588912373,0.27739767367670587,-0.4044442992140441,FALSE,FALSE
E00085178,Birmingham,E00175608,1,1,217.04594956341742,217.04594956341742,E06000043,Brighton and Hove,0.012023157899218175,0.012023157899218175,2,0.21716781419150838,18062.460462706727,24036.946235131178,0.6907100877652304,-0.08969358109332083,FALSE,FALSE
E00188373,Bradford,E00176128,1,1,265.08705687467165,265.08705687467165,E06000039,Slough,0.011989847433292306,0.011989847433292306,17,0.40368364801937734,33668.78938746674,16513.971599856377,0.685343588617986,0.02272191903493078,FALSE,FALSE
E00176672,Portsmouth,E00086046,1,1,309.90240172728244,309.90240172728244,E08000012,Liverpool,0.011912677494476782,0.011912677494476782,14,0.27153432584587167,22793.727604207063,15109.953247996142,0.17662407819195122,-0.6931376389156891,FALSE,FALSE
E00177156,Birmingham,E00186157,1,1,121.10449271035435,121.10449271035435,E06000032,Luton,0.011603682411334942,0.011603682411334942,1,0.17497018612774573,15078.849965492664,50845.92796366646,0.8572889091544145,0.04573985413197306,FALSE,FALSE
E00057282,Portsmouth,E00086012,1,1,332.4019091218102,332.4019091218102,E08000035,Leeds,0.011514525152511836,0.011514525152511836,5,0.4635785425823798,40260.32653906292,21538.013657983982,0.1078565882740675,0.6931376400107752,FALSE,FALSE
E00180934,Sheffield,E00172499,1,1,50.384722575281145,50.384722575281145,E08000003,Manchester,0.01127244735258841,0.01127244735258841,4,0.08352333521716862,7409.512114331567,21556.986907923034,0.5986350984427914,-0.015060374493010231,FALSE,FALSE
E00176736,Sheffield,E00185189,1,1,100.21323920926221,100.21323920926221,E08000012,Liverpool,0.011142627794663422,0.011142627794663422,10,0.23986929705268228,21527.174870506195,15077.233404535044,0.1685334492439075,-0.11410202603570334,FALSE,FALSE
E00175985,Newcastle,E00175561,1,1,172.0240175616841,172.0240175616841,E08000003,Manchester,0.01106700658452692,0.01106700658452692,7,0.1405947391506084,12703.953691251769,17619.9407229625,1.7538849710148126,-0.07820968329074231,FALSE,FALSE
E00173660,Birmingham,E00175722,1,1,122.07560128019983,122.07560128019983,E06000032,Luton,0.01088307058623992,0.01088307058623992,7,0.27729040617091355,25479.059790488493,29403.46637139284,1.070028004564708,-0.05491718877528081,FALSE,FALSE
E00166956,Bristol,E00178093,1,1,102.28866815453121,102.28866815453121,E06000045,Southampton,0.010756081047123065,0.010756081047123065,6,0.2128376305652195,19787.65589741882,24823.167362746364,0.6721461783806268,-0.3148843856016183,FALSE,FALSE
E00172062,Birmingham,E00047473,1,1,281.720210031372,281.720210031372,E06000026,Plymouth,0.010388414841524325,0.010388414841524325,2,0.09828516096494438,9461.035438446419,15786.816612719691,2.5269328305682195,-0.07714062916656221,FALSE,FALSE
E00182998,Portsmouth,E00174441,1,1,317.56640094406924,317.56640094406924,E08000012,Liverpool,0.010366141545504914,0.010366141545504914,10,0.3441277729990332,33197.28671351761,63765.28789408923,0.4088147224327495,0.11253943534519734,FALSE,FALSE
E00085155,Birmingham,E00175638,1,1,218.9442239482821,218.9442239482821,E06000043,Brighton and Hove,0.010193784598423168,0.010193784598423168,8,0.23637628376031272,23188.27531404546,21679.87736705615,1.053331138129196,-0.19718340729193634,FALSE,FALSE
E00173606,Bradford,E00054161,1,1,230.77870196264365,230.77870196264365,E06000032,Luton,0.010161483515638567,0.010161483515638567,4,0.1870474022740798,18407.489613717626,22634.490293275485,1.6038715125292744,0.020104223648387178,FALSE,FALSE
E00176029,Bristol,E00174245,1,1,227.63316574079104,227.63316574079104,E08000003,Manchester,0.010066898588712327,0.010066898588712327,12,0.4305053729458085,42764.449164961254,17284.370003995107,0.10994868583430731,-0.0782096800402491,FALSE,FALSE
E00085510,Bristol,E00174293,1,1,185.97501405270918,185.97501405270918,E06000043,Brighton and Hove,0.010030505967089907,0.010030505967089907,15,0.49260798250520016,49110.980455168174,22830.35379783922,0.9118548946682126,-0.007909954569319453,FALSE,FALSE
E00170329,Bristol,E00074008,1,1,270.47685155956464,270.47685155956464,E08000035,Leeds,0.010015317585933372,0.010015317585933372,3,0.04893780565820118,4886.295940024397,16774.305812923787,0.9877537284285498,0.20847762928801924,FALSE,FALSE
E00190538,Portsmouth,E00086027,1,1,23.886273262222684,23.886273262222684,E06000045,Southampton,0.009916878780486528,0.009916878780486528,4,0.22014266970452756,22198.785986746447,22386.075791995165,0.22116793652656722,0.045739854123962656,FALSE,FALSE
E00171191,Sheffield,E00172415,1,1,51.059081906356745,51.059081906356745,E06000015,Derby,0.009888135493234616,0.009888135493234616,5,0.18186454227492146,18392.19763921639,12944.80643874435,3.434586490508735,-0.09650515562277016,FALSE,FALSE
E00173499,Portsmouth,E00086370,1,1,238.24057724838076,238.24057724838076,E06000018,Nottingham,0.009642791568496265,0.009642791568496265,12,0.31317943718054836,32478.088420341825,12029.711435325517,0.414406198466918,-0.16378464470054765,FALSE,FALSE
E00085002,Birmingham,E00046371,1,1,220.75824544834143,220.75824544834143,E06000043,Brighton and Hove,0.009593575756019913,0.009593575756019913,6,0.21190802264548017,22088.533830830398,33772.60035672224,0.9438057016585816,-0.03025874751646464,FALSE,FALSE
E00085008,Birmingham,E00186242,1,1,220.4568870796025,220.4568870796025,E06000043,Brighton and Hove,0.009542402836114168,0.009542402836114168,5,0.17403328242900146,18237.888864883724,27770.783161352327,1.1332573703564985,0.07070099072111528,FALSE,FALSE
E00085177,Birmingham,E00047462,1,1,217.9017585436691,217.9017585436691,E06000043,Brighton and Hove,0.009529706496085389,0.009529706496085389,6,0.22776482112491223,23900.507451984322,20777.13517004269,0.8780987292603661,0.12387647400231953,FALSE,FALSE
E00175863,Newcastle,E00189989,1,1,170.11801839771502,170.11801839771502,E08000003,Manchester,0.009519860651402734,0.009519860651402734,16,0.4689462863337195,49259.784728531835,21428.88509297045,0.3903783979850586,0.14310870605152504,FALSE,FALSE
E00166995,Bristol,E00074008,1,1,103.14118335017994,103.14118335017994,E06000045,Southampton,0.009332707018998451,0.009332707018998451,4,0.15275514273659158,16367.720793723647,10715.004745828997,0.9592443002241374,0.16897172652349832,FALSE,FALSE
E00170332,Birmingham,E00175624,1,1,148.33061593639397,148.33061593639397,E08000035,Leeds,0.008967849274099571,0.008967849274099571,5,0.13730283389567788,15310.564406142292,30330.57221262347,1.3607548708132042,0.09963659685750516,FALSE,FALSE
E00178494,Newcastle,E00042825,1,1,261.801396171111,261.801396171111,E06000016,Leicester,0.008792358193629422,0.008792358193629422,15,0.38763138909323847,44087.30633541523,24566.788026960123,0.2557171652994214,0.015060374500629158,FALSE,FALSE
E00085025,Birmingham,E00186124,1,1,220.60618509245447,220.60618509245447,E06000043,Brighton and Hove,0.00875517602325452,0.00875517602325452,2,0.07147228338060141,8163.431916247569,29011.409859191135,3.4978594243129155,0.07820968403443232,FALSE,FALSE
E00085037,Bath,E00072584,1,1,166.4241511563593,166.4241511563593,E06000043,Brighton and Hove,0.00871192011251743,0.00871192011251743,2,0.1198241117390979,13754.041610979955,21350.058035168637,1.2518348588020942,0.15596812834195733,FALSE,FALSE
E00178501,Bradford,E00054650,1,1,136.8174003517985,136.8174003517985,E06000016,Leicester,0.008557300864858073,0.008557300864858073,4,0.16985513934232568,19849.14893431678,44640.24416492638,0.2922519753727006,-0.15596812833839283,FALSE,FALSE
E00048452,Birmingham,"E00186113, E00186150, E00186255",3,3,29.1877638346221,28.68277497304105,E08000026,Coventry,0.008529881759010255,0.008529881759010255,8,0.2920462981343872,34238.024205422764,13599.250643476655,2.0544687737281495,0.06709909245144963,FALSE,FALSE
E00173546,Birmingham,E00175645,1,1,74.34958482688378,74.34958482688378,E06000018,Nottingham,0.008283669016771019,0.008283669016771019,6,0.09682635058583104,11688.824165933906,22212.379517756657,0.4844703917495827,0.1559681283349503,FALSE,FALSE
E00057297,Bradford,E00054428,1,1,17.138962954712525,17.138962954712525,E08000035,Leeds,0.008252867231760639,0.008252867231760639,19,0.5506150625280848,66718.0322990145,30898.352395473972,0.08069884575257799,-0.015060374493004569,FALSE,FALSE
E00033937,Bradford,E00054209,1,1,88.1864146321895,88.1864146321895,E08000012,Liverpool,0.008184292396994308,0.008184292396994308,7,0.3498069550453024,42741.258263667296,20893.681665479104,0.12853660955419532,-0.11410202603652396,FALSE,FALSE
E00172758,Birmingham,E00175767,1,1,194.86226106989335,194.86226106989335,E06000058,"Bournemouth, Christchurch and Poole",0.007435446049234364,0.007435446049234364,4,0.09383631652491703,12620.132794128665,22056.511326161428,1.0201647245454324,0.40444430073583426,FALSE,FALSE
E00189139,Birmingham,E00186228,1,1,73.79168716322066,73.79168716322066,E06000062,West Northamptonshire,0.006995046472067945,0.006995046472067945,9,0.22867335446602005,32690.75557669846,20585.99618673145,1.1998293401550206,-0.0022546551616467623,FALSE,FALSE
E00177339,Birmingham,E00186121,1,1,130.1124996577692,130.1124996577692,E06000038,Reading,0.006799148225913203,0.006799148225913203,5,0.11019465437888153,16207.126351342507,19708.351038633562,2.9900905979260113,-0.06308627912885675,FALSE,FALSE
E00176660,Newcastle,E00175576,1,1,195.0039491394695,195.0039491394695,E08000012,Liverpool,0.00676331018952289,0.00676331018952289,8,0.1896014432569673,28033.823371088423,22178.4889050877,1.0454719995530197,-0.1543205991032858,FALSE,FALSE
E00170609,Birmingham,E00175674,1,1,148.91415872351493,148.91415872351493,E08000035,Leeds,0.006683540791565087,0.006683540791565087,2,0.039259588286417346,5874.070273643668,27231.074916112095,4.900981095274714,-0.001276850113540413,FALSE,FALSE
E00177148,Bradford,E00177818,1,1,230.98016624282658,230.98016624282658,E06000032,Luton,0.006618314254811208,0.006618314254811208,3,0.0941279471665583,14222.344775806263,28708.216727828963,2.10188903461278,-0.3043604999396824,FALSE,FALSE
E00162093,Birmingham; Portsmouth,"E00174455, E00186214",2,2,213.8801324722503,132.5542653919004,E07000229,Worthing,0.006486243761222142,0.006486243761222142,1,0.04110960958218893,6337.968644959318,24821.762167270797,2.4325212770526,0.06166267844564239,FALSE,FALSE
E00182958,Birmingham,E00186245,1,1,127.6903968248893,127.6903968248893,E08000012,Liverpool,0.006373992329696193,0.006373992329696193,3,0.1231903916906952,19327.037956534048,37966.7855689959,0.3879645104140856,20.412780802913822,FALSE,FALSE
E00085040,Birmingham,E00186214,1,1,220.46799136556226,220.46799136556226,E06000043,Brighton and Hove,0.006357975205497234,0.006357975205497234,2,0.020285504829963764,3190.560543932997,27681.768851163,2.464814182299515,0.20847762944635573,FALSE,FALSE
E00085693,Birmingham,E00175614,1,1,219.7942453662832,219.7942453662832,E06000043,Brighton and Hove,0.006229673812606605,0.006229673812606605,1,0.0502208279120821,8061.550158605948,23436.21903678951,0.9956028619745441,0.015060374493010299,FALSE,FALSE
E00175397,Portsmouth,E00086369,1,1,138.103059595193,138.103059595193,E06000042,Milton Keynes,0.005846023835954256,0.005846023835954256,4,0.12651226771360993,21640.737578853736,50974.81781843556,0.388942518297034,-0.04573985412396574,FALSE,FALSE
E00085042,Bath,E00072775,1,1,166.72695726366968,166.72695726366968,E06000043,Brighton and Hove,0.005765482699360233,0.005765482699360233,2,0.21559737994244277,37394.50644199601,27751.362434537252,0.4594675502385311,0.07820968103791613,FALSE,FALSE
E00085027,Birmingham,E00186249,1,1,219.1362531555166,219.1362531555166,E06000043,Brighton and Hove,0.005722348842494597,0.005722348842494597,5,0.1710634536012411,29893.922637311254,24115.97122062911,0.2922891999862982,-0.11410202603677845,FALSE,FALSE
E00187139,Newcastle,E00189983,1,1,130.8066437945538,130.8066437945538,E08000035,Leeds,0.00556286161792092,0.00556286161792092,3,0.28629445245505464,51465.319851342116,48895.69769698101,1.3422195110830049,-0.013364741380140112,FALSE,FALSE
E00166981,Bristol,E00178093,1,1,104.01323270897639,104.01323270897639,E06000045,Southampton,0.0055249663274528574,0.0055249663274528574,3,0.07012019955298597,12691.516182563428,38552.271158944444,0.6600737062224895,-0.6931376375543271,FALSE,FALSE
E00182994,Birmingham,E00186245,1,1,126.86071246042953,126.86071246042953,E08000012,Liverpool,0.0053436814434822295,0.0053436814434822295,2,0.12139213756347411,22716.948764140492,39673.02359660299,0.4070774350946833,20.43793677591521,FALSE,FALSE
E00181836,Birmingham,E00186113,1,1,178.96257634666165,178.96257634666165,E06000045,Southampton,0.005316141145664806,0.005316141145664806,7,0.09078884272055969,17077.95941321008,49095.76191611084,2.0761361677464722,0.17619295766481946,FALSE,FALSE
E00186721,Bath,E00072564,1,1,200.65035983932455,200.65035983932455,E07000110,Maidstone,0.00518383306648169,0.00518383306648169,8,0.17708203231524186,34160.44267710744,37424.044623348454,0.2823550156177894,-0.07820968004028754,FALSE,FALSE
E00180933,Birmingham; Portsmouth,"E00174455, E00186124",2,2,309.304412391093,211.54994197697158,E08000003,Manchester,0.00517020011368487,0.00517020011368487,2,0.04369067790383325,8450.481014881709,68275.88724576701,3.381384933536092,0.08972564384332445,FALSE,FALSE
E00087136,Portsmouth,E00086038,1,1,27.774014404195288,27.774014404195288,E06000045,Southampton,0.004578250974901021,0.004578250974901021,2,0.04241077766402884,9263.532710752219,89772.27379040433,2.1786443231944874,-0.0457398541890175,FALSE,FALSE
E00086552,Birmingham,E00175632,1,1,178.54165321033628,178.54165321033628,E06000045,Southampton,0.004460147150696023,0.004460147150696023,1,0.008101244595731754,1816.3626270643392,105153.48129866316,5.277707578725194,0.11410202603626377,FALSE,FALSE
E00183005,Birmingham; Bristol,"E00178112, E00186237",2,2,218.03424139736725,171.6318124625085,E08000012,Liverpool,0.0030059990138422,0.0030059990138422,1,0.039699419790577686,13206.73080987967,58216.918633089954,3.7018677042448904,0.2084776298246215,FALSE,FALSE
E00180797,Birmingham,E00046390,1,1,115.13405892217973,115.13405892217973,E08000003,Manchester,0.0023535820356565527,0.0023535820356565527,1,0.04629675769787444,19670.764390823348,87951.045200026565,1.0655389805464686,-0.20847762938971914,FALSE,FALSE
